ImageId,MaskId
ID00007637202177411956430_0.jpg,ID00007637202177411956430_mask_0.jpg
ID00007637202177411956430_1.jpg,ID00007637202177411956430_mask_1.jpg
ID00007637202177411956430_2.jpg,ID00007637202177411956430_mask_2.jpg
ID00007637202177411956430_3.jpg,ID00007637202177411956430_mask_3.jpg
ID00007637202177411956430_4.jpg,ID00007637202177411956430_mask_4.jpg
ID00007637202177411956430_5.jpg,ID00007637202177411956430_mask_5.jpg
ID00007637202177411956430_6.jpg,ID00007637202177411956430_mask_6.jpg
ID00007637202177411956430_7.jpg,ID00007637202177411956430_mask_7.jpg
ID00007637202177411956430_8.jpg,ID00007637202177411956430_mask_8.jpg
ID00007637202177411956430_9.jpg,ID00007637202177411956430_mask_9.jpg
ID00007637202177411956430_10.jpg,ID00007637202177411956430_mask_10.jpg
ID00007637202177411956430_11.jpg,ID00007637202177411956430_mask_11.jpg
ID00007637202177411956430_12.jpg,ID00007637202177411956430_mask_12.jpg
ID00007637202177411956430_13.jpg,ID00007637202177411956430_mask_13.jpg
ID00007637202177411956430_14.jpg,ID00007637202177411956430_mask_14.jpg
ID00007637202177411956430_15.jpg,ID00007637202177411956430_mask_15.jpg
ID00007637202177411956430_16.jpg,ID00007637202177411956430_mask_16.jpg
ID00007637202177411956430_17.jpg,ID00007637202177411956430_mask_17.jpg
ID00007637202177411956430_18.jpg,ID00007637202177411956430_mask_18.jpg
ID00007637202177411956430_19.jpg,ID00007637202177411956430_mask_19.jpg
ID00007637202177411956430_20.jpg,ID00007637202177411956430_mask_20.jpg
ID00007637202177411956430_21.jpg,ID00007637202177411956430_mask_21.jpg
ID00007637202177411956430_22.jpg,ID00007637202177411956430_mask_22.jpg
ID00007637202177411956430_23.jpg,ID00007637202177411956430_mask_23.jpg
ID00007637202177411956430_24.jpg,ID00007637202177411956430_mask_24.jpg
ID00007637202177411956430_25.jpg,ID00007637202177411956430_mask_25.jpg
ID00007637202177411956430_26.jpg,ID00007637202177411956430_mask_26.jpg
ID00007637202177411956430_27.jpg,ID00007637202177411956430_mask_27.jpg
ID00007637202177411956430_28.jpg,ID00007637202177411956430_mask_28.jpg
ID00007637202177411956430_29.jpg,ID00007637202177411956430_mask_29.jpg
ID00009637202177434476278_0.jpg,ID00009637202177434476278_mask_0.jpg
ID00009637202177434476278_1.jpg,ID00009637202177434476278_mask_1.jpg
ID00009637202177434476278_2.jpg,ID00009637202177434476278_mask_2.jpg
ID00009637202177434476278_3.jpg,ID00009637202177434476278_mask_3.jpg
ID00009637202177434476278_4.jpg,ID00009637202177434476278_mask_4.jpg
ID00009637202177434476278_5.jpg,ID00009637202177434476278_mask_5.jpg
ID00009637202177434476278_6.jpg,ID00009637202177434476278_mask_6.jpg
ID00009637202177434476278_7.jpg,ID00009637202177434476278_mask_7.jpg
ID00009637202177434476278_8.jpg,ID00009637202177434476278_mask_8.jpg
ID00009637202177434476278_9.jpg,ID00009637202177434476278_mask_9.jpg
ID00009637202177434476278_10.jpg,ID00009637202177434476278_mask_10.jpg
ID00009637202177434476278_11.jpg,ID00009637202177434476278_mask_11.jpg
ID00009637202177434476278_12.jpg,ID00009637202177434476278_mask_12.jpg
ID00009637202177434476278_13.jpg,ID00009637202177434476278_mask_13.jpg
ID00009637202177434476278_14.jpg,ID00009637202177434476278_mask_14.jpg
ID00009637202177434476278_15.jpg,ID00009637202177434476278_mask_15.jpg
ID00009637202177434476278_16.jpg,ID00009637202177434476278_mask_16.jpg
ID00009637202177434476278_17.jpg,ID00009637202177434476278_mask_17.jpg
ID00009637202177434476278_18.jpg,ID00009637202177434476278_mask_18.jpg
ID00009637202177434476278_19.jpg,ID00009637202177434476278_mask_19.jpg
ID00009637202177434476278_20.jpg,ID00009637202177434476278_mask_20.jpg
ID00009637202177434476278_21.jpg,ID00009637202177434476278_mask_21.jpg
ID00009637202177434476278_22.jpg,ID00009637202177434476278_mask_22.jpg
ID00009637202177434476278_23.jpg,ID00009637202177434476278_mask_23.jpg
ID00009637202177434476278_24.jpg,ID00009637202177434476278_mask_24.jpg
ID00009637202177434476278_25.jpg,ID00009637202177434476278_mask_25.jpg
ID00009637202177434476278_26.jpg,ID00009637202177434476278_mask_26.jpg
ID00009637202177434476278_27.jpg,ID00009637202177434476278_mask_27.jpg
ID00009637202177434476278_28.jpg,ID00009637202177434476278_mask_28.jpg
ID00009637202177434476278_29.jpg,ID00009637202177434476278_mask_29.jpg
ID00009637202177434476278_30.jpg,ID00009637202177434476278_mask_30.jpg
ID00009637202177434476278_31.jpg,ID00009637202177434476278_mask_31.jpg
ID00009637202177434476278_32.jpg,ID00009637202177434476278_mask_32.jpg
ID00009637202177434476278_33.jpg,ID00009637202177434476278_mask_33.jpg
ID00009637202177434476278_34.jpg,ID00009637202177434476278_mask_34.jpg
ID00009637202177434476278_35.jpg,ID00009637202177434476278_mask_35.jpg
ID00009637202177434476278_36.jpg,ID00009637202177434476278_mask_36.jpg
ID00009637202177434476278_37.jpg,ID00009637202177434476278_mask_37.jpg
ID00009637202177434476278_38.jpg,ID00009637202177434476278_mask_38.jpg
ID00009637202177434476278_39.jpg,ID00009637202177434476278_mask_39.jpg
ID00009637202177434476278_40.jpg,ID00009637202177434476278_mask_40.jpg
ID00009637202177434476278_41.jpg,ID00009637202177434476278_mask_41.jpg
ID00009637202177434476278_42.jpg,ID00009637202177434476278_mask_42.jpg
ID00009637202177434476278_43.jpg,ID00009637202177434476278_mask_43.jpg
ID00009637202177434476278_44.jpg,ID00009637202177434476278_mask_44.jpg
ID00009637202177434476278_45.jpg,ID00009637202177434476278_mask_45.jpg
ID00009637202177434476278_46.jpg,ID00009637202177434476278_mask_46.jpg
ID00009637202177434476278_47.jpg,ID00009637202177434476278_mask_47.jpg
ID00009637202177434476278_48.jpg,ID00009637202177434476278_mask_48.jpg
ID00009637202177434476278_49.jpg,ID00009637202177434476278_mask_49.jpg
ID00009637202177434476278_50.jpg,ID00009637202177434476278_mask_50.jpg
ID00009637202177434476278_51.jpg,ID00009637202177434476278_mask_51.jpg
ID00009637202177434476278_52.jpg,ID00009637202177434476278_mask_52.jpg
ID00009637202177434476278_53.jpg,ID00009637202177434476278_mask_53.jpg
ID00009637202177434476278_54.jpg,ID00009637202177434476278_mask_54.jpg
ID00009637202177434476278_55.jpg,ID00009637202177434476278_mask_55.jpg
ID00009637202177434476278_56.jpg,ID00009637202177434476278_mask_56.jpg
ID00009637202177434476278_57.jpg,ID00009637202177434476278_mask_57.jpg
ID00009637202177434476278_58.jpg,ID00009637202177434476278_mask_58.jpg
ID00009637202177434476278_59.jpg,ID00009637202177434476278_mask_59.jpg
ID00009637202177434476278_60.jpg,ID00009637202177434476278_mask_60.jpg
ID00009637202177434476278_61.jpg,ID00009637202177434476278_mask_61.jpg
ID00009637202177434476278_62.jpg,ID00009637202177434476278_mask_62.jpg
ID00009637202177434476278_63.jpg,ID00009637202177434476278_mask_63.jpg
ID00009637202177434476278_64.jpg,ID00009637202177434476278_mask_64.jpg
ID00009637202177434476278_65.jpg,ID00009637202177434476278_mask_65.jpg
ID00009637202177434476278_66.jpg,ID00009637202177434476278_mask_66.jpg
ID00009637202177434476278_67.jpg,ID00009637202177434476278_mask_67.jpg
ID00009637202177434476278_68.jpg,ID00009637202177434476278_mask_68.jpg
ID00009637202177434476278_69.jpg,ID00009637202177434476278_mask_69.jpg
ID00009637202177434476278_70.jpg,ID00009637202177434476278_mask_70.jpg
ID00009637202177434476278_71.jpg,ID00009637202177434476278_mask_71.jpg
ID00009637202177434476278_72.jpg,ID00009637202177434476278_mask_72.jpg
ID00009637202177434476278_73.jpg,ID00009637202177434476278_mask_73.jpg
ID00009637202177434476278_74.jpg,ID00009637202177434476278_mask_74.jpg
ID00009637202177434476278_75.jpg,ID00009637202177434476278_mask_75.jpg
ID00009637202177434476278_76.jpg,ID00009637202177434476278_mask_76.jpg
ID00009637202177434476278_77.jpg,ID00009637202177434476278_mask_77.jpg
ID00009637202177434476278_78.jpg,ID00009637202177434476278_mask_78.jpg
ID00009637202177434476278_79.jpg,ID00009637202177434476278_mask_79.jpg
ID00009637202177434476278_80.jpg,ID00009637202177434476278_mask_80.jpg
ID00009637202177434476278_81.jpg,ID00009637202177434476278_mask_81.jpg
ID00009637202177434476278_82.jpg,ID00009637202177434476278_mask_82.jpg
ID00009637202177434476278_83.jpg,ID00009637202177434476278_mask_83.jpg
ID00009637202177434476278_84.jpg,ID00009637202177434476278_mask_84.jpg
ID00009637202177434476278_85.jpg,ID00009637202177434476278_mask_85.jpg
ID00009637202177434476278_86.jpg,ID00009637202177434476278_mask_86.jpg
ID00009637202177434476278_87.jpg,ID00009637202177434476278_mask_87.jpg
ID00009637202177434476278_88.jpg,ID00009637202177434476278_mask_88.jpg
ID00009637202177434476278_89.jpg,ID00009637202177434476278_mask_89.jpg
ID00009637202177434476278_90.jpg,ID00009637202177434476278_mask_90.jpg
ID00009637202177434476278_91.jpg,ID00009637202177434476278_mask_91.jpg
ID00009637202177434476278_92.jpg,ID00009637202177434476278_mask_92.jpg
ID00009637202177434476278_93.jpg,ID00009637202177434476278_mask_93.jpg
ID00009637202177434476278_94.jpg,ID00009637202177434476278_mask_94.jpg
ID00009637202177434476278_95.jpg,ID00009637202177434476278_mask_95.jpg
ID00009637202177434476278_96.jpg,ID00009637202177434476278_mask_96.jpg
ID00009637202177434476278_97.jpg,ID00009637202177434476278_mask_97.jpg
ID00009637202177434476278_98.jpg,ID00009637202177434476278_mask_98.jpg
ID00009637202177434476278_99.jpg,ID00009637202177434476278_mask_99.jpg
ID00009637202177434476278_100.jpg,ID00009637202177434476278_mask_100.jpg
ID00009637202177434476278_101.jpg,ID00009637202177434476278_mask_101.jpg
ID00009637202177434476278_102.jpg,ID00009637202177434476278_mask_102.jpg
ID00009637202177434476278_103.jpg,ID00009637202177434476278_mask_103.jpg
ID00009637202177434476278_104.jpg,ID00009637202177434476278_mask_104.jpg
ID00009637202177434476278_105.jpg,ID00009637202177434476278_mask_105.jpg
ID00009637202177434476278_106.jpg,ID00009637202177434476278_mask_106.jpg
ID00009637202177434476278_107.jpg,ID00009637202177434476278_mask_107.jpg
ID00009637202177434476278_108.jpg,ID00009637202177434476278_mask_108.jpg
ID00009637202177434476278_109.jpg,ID00009637202177434476278_mask_109.jpg
ID00009637202177434476278_110.jpg,ID00009637202177434476278_mask_110.jpg
ID00009637202177434476278_111.jpg,ID00009637202177434476278_mask_111.jpg
ID00009637202177434476278_112.jpg,ID00009637202177434476278_mask_112.jpg
ID00009637202177434476278_113.jpg,ID00009637202177434476278_mask_113.jpg
ID00009637202177434476278_114.jpg,ID00009637202177434476278_mask_114.jpg
ID00009637202177434476278_115.jpg,ID00009637202177434476278_mask_115.jpg
ID00009637202177434476278_116.jpg,ID00009637202177434476278_mask_116.jpg
ID00009637202177434476278_117.jpg,ID00009637202177434476278_mask_117.jpg
ID00009637202177434476278_118.jpg,ID00009637202177434476278_mask_118.jpg
ID00009637202177434476278_119.jpg,ID00009637202177434476278_mask_119.jpg
ID00009637202177434476278_120.jpg,ID00009637202177434476278_mask_120.jpg
ID00009637202177434476278_121.jpg,ID00009637202177434476278_mask_121.jpg
ID00009637202177434476278_122.jpg,ID00009637202177434476278_mask_122.jpg
ID00009637202177434476278_123.jpg,ID00009637202177434476278_mask_123.jpg
ID00009637202177434476278_124.jpg,ID00009637202177434476278_mask_124.jpg
ID00009637202177434476278_125.jpg,ID00009637202177434476278_mask_125.jpg
ID00009637202177434476278_126.jpg,ID00009637202177434476278_mask_126.jpg
ID00009637202177434476278_127.jpg,ID00009637202177434476278_mask_127.jpg
ID00009637202177434476278_128.jpg,ID00009637202177434476278_mask_128.jpg
ID00009637202177434476278_129.jpg,ID00009637202177434476278_mask_129.jpg
ID00009637202177434476278_130.jpg,ID00009637202177434476278_mask_130.jpg
ID00009637202177434476278_131.jpg,ID00009637202177434476278_mask_131.jpg
ID00009637202177434476278_132.jpg,ID00009637202177434476278_mask_132.jpg
ID00009637202177434476278_133.jpg,ID00009637202177434476278_mask_133.jpg
ID00009637202177434476278_134.jpg,ID00009637202177434476278_mask_134.jpg
ID00009637202177434476278_135.jpg,ID00009637202177434476278_mask_135.jpg
ID00009637202177434476278_136.jpg,ID00009637202177434476278_mask_136.jpg
ID00009637202177434476278_137.jpg,ID00009637202177434476278_mask_137.jpg
ID00009637202177434476278_138.jpg,ID00009637202177434476278_mask_138.jpg
ID00009637202177434476278_139.jpg,ID00009637202177434476278_mask_139.jpg
ID00009637202177434476278_140.jpg,ID00009637202177434476278_mask_140.jpg
ID00009637202177434476278_141.jpg,ID00009637202177434476278_mask_141.jpg
ID00009637202177434476278_142.jpg,ID00009637202177434476278_mask_142.jpg
ID00009637202177434476278_143.jpg,ID00009637202177434476278_mask_143.jpg
ID00009637202177434476278_144.jpg,ID00009637202177434476278_mask_144.jpg
ID00009637202177434476278_145.jpg,ID00009637202177434476278_mask_145.jpg
ID00009637202177434476278_146.jpg,ID00009637202177434476278_mask_146.jpg
ID00009637202177434476278_147.jpg,ID00009637202177434476278_mask_147.jpg
ID00009637202177434476278_148.jpg,ID00009637202177434476278_mask_148.jpg
ID00009637202177434476278_149.jpg,ID00009637202177434476278_mask_149.jpg
ID00009637202177434476278_150.jpg,ID00009637202177434476278_mask_150.jpg
ID00009637202177434476278_151.jpg,ID00009637202177434476278_mask_151.jpg
ID00009637202177434476278_152.jpg,ID00009637202177434476278_mask_152.jpg
ID00009637202177434476278_153.jpg,ID00009637202177434476278_mask_153.jpg
ID00009637202177434476278_154.jpg,ID00009637202177434476278_mask_154.jpg
ID00009637202177434476278_155.jpg,ID00009637202177434476278_mask_155.jpg
ID00009637202177434476278_156.jpg,ID00009637202177434476278_mask_156.jpg
ID00009637202177434476278_157.jpg,ID00009637202177434476278_mask_157.jpg
ID00009637202177434476278_158.jpg,ID00009637202177434476278_mask_158.jpg
ID00009637202177434476278_159.jpg,ID00009637202177434476278_mask_159.jpg
ID00009637202177434476278_160.jpg,ID00009637202177434476278_mask_160.jpg
ID00009637202177434476278_161.jpg,ID00009637202177434476278_mask_161.jpg
ID00009637202177434476278_162.jpg,ID00009637202177434476278_mask_162.jpg
ID00009637202177434476278_163.jpg,ID00009637202177434476278_mask_163.jpg
ID00009637202177434476278_164.jpg,ID00009637202177434476278_mask_164.jpg
ID00009637202177434476278_165.jpg,ID00009637202177434476278_mask_165.jpg
ID00009637202177434476278_166.jpg,ID00009637202177434476278_mask_166.jpg
ID00009637202177434476278_167.jpg,ID00009637202177434476278_mask_167.jpg
ID00009637202177434476278_168.jpg,ID00009637202177434476278_mask_168.jpg
ID00009637202177434476278_169.jpg,ID00009637202177434476278_mask_169.jpg
ID00009637202177434476278_170.jpg,ID00009637202177434476278_mask_170.jpg
ID00009637202177434476278_171.jpg,ID00009637202177434476278_mask_171.jpg
ID00009637202177434476278_172.jpg,ID00009637202177434476278_mask_172.jpg
ID00009637202177434476278_173.jpg,ID00009637202177434476278_mask_173.jpg
ID00009637202177434476278_174.jpg,ID00009637202177434476278_mask_174.jpg
ID00009637202177434476278_175.jpg,ID00009637202177434476278_mask_175.jpg
ID00009637202177434476278_176.jpg,ID00009637202177434476278_mask_176.jpg
ID00009637202177434476278_177.jpg,ID00009637202177434476278_mask_177.jpg
ID00009637202177434476278_178.jpg,ID00009637202177434476278_mask_178.jpg
ID00009637202177434476278_179.jpg,ID00009637202177434476278_mask_179.jpg
ID00009637202177434476278_180.jpg,ID00009637202177434476278_mask_180.jpg
ID00009637202177434476278_181.jpg,ID00009637202177434476278_mask_181.jpg
ID00009637202177434476278_182.jpg,ID00009637202177434476278_mask_182.jpg
ID00009637202177434476278_183.jpg,ID00009637202177434476278_mask_183.jpg
ID00009637202177434476278_184.jpg,ID00009637202177434476278_mask_184.jpg
ID00009637202177434476278_185.jpg,ID00009637202177434476278_mask_185.jpg
ID00009637202177434476278_186.jpg,ID00009637202177434476278_mask_186.jpg
ID00009637202177434476278_187.jpg,ID00009637202177434476278_mask_187.jpg
ID00009637202177434476278_188.jpg,ID00009637202177434476278_mask_188.jpg
ID00009637202177434476278_189.jpg,ID00009637202177434476278_mask_189.jpg
ID00009637202177434476278_190.jpg,ID00009637202177434476278_mask_190.jpg
ID00009637202177434476278_191.jpg,ID00009637202177434476278_mask_191.jpg
ID00009637202177434476278_192.jpg,ID00009637202177434476278_mask_192.jpg
ID00009637202177434476278_193.jpg,ID00009637202177434476278_mask_193.jpg
ID00009637202177434476278_194.jpg,ID00009637202177434476278_mask_194.jpg
ID00009637202177434476278_195.jpg,ID00009637202177434476278_mask_195.jpg
ID00009637202177434476278_196.jpg,ID00009637202177434476278_mask_196.jpg
ID00009637202177434476278_197.jpg,ID00009637202177434476278_mask_197.jpg
ID00009637202177434476278_198.jpg,ID00009637202177434476278_mask_198.jpg
ID00009637202177434476278_199.jpg,ID00009637202177434476278_mask_199.jpg
ID00009637202177434476278_200.jpg,ID00009637202177434476278_mask_200.jpg
ID00009637202177434476278_201.jpg,ID00009637202177434476278_mask_201.jpg
ID00009637202177434476278_202.jpg,ID00009637202177434476278_mask_202.jpg
ID00009637202177434476278_203.jpg,ID00009637202177434476278_mask_203.jpg
ID00009637202177434476278_204.jpg,ID00009637202177434476278_mask_204.jpg
ID00009637202177434476278_205.jpg,ID00009637202177434476278_mask_205.jpg
ID00009637202177434476278_206.jpg,ID00009637202177434476278_mask_206.jpg
ID00009637202177434476278_207.jpg,ID00009637202177434476278_mask_207.jpg
ID00009637202177434476278_208.jpg,ID00009637202177434476278_mask_208.jpg
ID00009637202177434476278_209.jpg,ID00009637202177434476278_mask_209.jpg
ID00009637202177434476278_210.jpg,ID00009637202177434476278_mask_210.jpg
ID00009637202177434476278_211.jpg,ID00009637202177434476278_mask_211.jpg
ID00009637202177434476278_212.jpg,ID00009637202177434476278_mask_212.jpg
ID00009637202177434476278_213.jpg,ID00009637202177434476278_mask_213.jpg
ID00009637202177434476278_214.jpg,ID00009637202177434476278_mask_214.jpg
ID00009637202177434476278_215.jpg,ID00009637202177434476278_mask_215.jpg
ID00009637202177434476278_216.jpg,ID00009637202177434476278_mask_216.jpg
ID00009637202177434476278_217.jpg,ID00009637202177434476278_mask_217.jpg
ID00009637202177434476278_218.jpg,ID00009637202177434476278_mask_218.jpg
ID00009637202177434476278_219.jpg,ID00009637202177434476278_mask_219.jpg
ID00009637202177434476278_220.jpg,ID00009637202177434476278_mask_220.jpg
ID00009637202177434476278_221.jpg,ID00009637202177434476278_mask_221.jpg
ID00009637202177434476278_222.jpg,ID00009637202177434476278_mask_222.jpg
ID00009637202177434476278_223.jpg,ID00009637202177434476278_mask_223.jpg
ID00009637202177434476278_224.jpg,ID00009637202177434476278_mask_224.jpg
ID00009637202177434476278_225.jpg,ID00009637202177434476278_mask_225.jpg
ID00009637202177434476278_226.jpg,ID00009637202177434476278_mask_226.jpg
ID00009637202177434476278_227.jpg,ID00009637202177434476278_mask_227.jpg
ID00009637202177434476278_228.jpg,ID00009637202177434476278_mask_228.jpg
ID00009637202177434476278_229.jpg,ID00009637202177434476278_mask_229.jpg
ID00009637202177434476278_230.jpg,ID00009637202177434476278_mask_230.jpg
ID00009637202177434476278_231.jpg,ID00009637202177434476278_mask_231.jpg
ID00009637202177434476278_232.jpg,ID00009637202177434476278_mask_232.jpg
ID00009637202177434476278_233.jpg,ID00009637202177434476278_mask_233.jpg
ID00009637202177434476278_234.jpg,ID00009637202177434476278_mask_234.jpg
ID00009637202177434476278_235.jpg,ID00009637202177434476278_mask_235.jpg
ID00009637202177434476278_236.jpg,ID00009637202177434476278_mask_236.jpg
ID00009637202177434476278_237.jpg,ID00009637202177434476278_mask_237.jpg
ID00009637202177434476278_238.jpg,ID00009637202177434476278_mask_238.jpg
ID00009637202177434476278_239.jpg,ID00009637202177434476278_mask_239.jpg
ID00009637202177434476278_240.jpg,ID00009637202177434476278_mask_240.jpg
ID00009637202177434476278_241.jpg,ID00009637202177434476278_mask_241.jpg
ID00009637202177434476278_242.jpg,ID00009637202177434476278_mask_242.jpg
ID00009637202177434476278_243.jpg,ID00009637202177434476278_mask_243.jpg
ID00009637202177434476278_244.jpg,ID00009637202177434476278_mask_244.jpg
ID00009637202177434476278_245.jpg,ID00009637202177434476278_mask_245.jpg
ID00009637202177434476278_246.jpg,ID00009637202177434476278_mask_246.jpg
ID00009637202177434476278_247.jpg,ID00009637202177434476278_mask_247.jpg
ID00009637202177434476278_248.jpg,ID00009637202177434476278_mask_248.jpg
ID00009637202177434476278_249.jpg,ID00009637202177434476278_mask_249.jpg
ID00009637202177434476278_250.jpg,ID00009637202177434476278_mask_250.jpg
ID00009637202177434476278_251.jpg,ID00009637202177434476278_mask_251.jpg
ID00009637202177434476278_252.jpg,ID00009637202177434476278_mask_252.jpg
ID00009637202177434476278_253.jpg,ID00009637202177434476278_mask_253.jpg
ID00009637202177434476278_254.jpg,ID00009637202177434476278_mask_254.jpg
ID00009637202177434476278_255.jpg,ID00009637202177434476278_mask_255.jpg
ID00009637202177434476278_256.jpg,ID00009637202177434476278_mask_256.jpg
ID00009637202177434476278_257.jpg,ID00009637202177434476278_mask_257.jpg
ID00009637202177434476278_258.jpg,ID00009637202177434476278_mask_258.jpg
ID00009637202177434476278_259.jpg,ID00009637202177434476278_mask_259.jpg
ID00009637202177434476278_260.jpg,ID00009637202177434476278_mask_260.jpg
ID00009637202177434476278_261.jpg,ID00009637202177434476278_mask_261.jpg
ID00009637202177434476278_262.jpg,ID00009637202177434476278_mask_262.jpg
ID00009637202177434476278_263.jpg,ID00009637202177434476278_mask_263.jpg
ID00009637202177434476278_264.jpg,ID00009637202177434476278_mask_264.jpg
ID00009637202177434476278_265.jpg,ID00009637202177434476278_mask_265.jpg
ID00009637202177434476278_266.jpg,ID00009637202177434476278_mask_266.jpg
ID00009637202177434476278_267.jpg,ID00009637202177434476278_mask_267.jpg
ID00009637202177434476278_268.jpg,ID00009637202177434476278_mask_268.jpg
ID00009637202177434476278_269.jpg,ID00009637202177434476278_mask_269.jpg
ID00009637202177434476278_270.jpg,ID00009637202177434476278_mask_270.jpg
ID00009637202177434476278_271.jpg,ID00009637202177434476278_mask_271.jpg
ID00009637202177434476278_272.jpg,ID00009637202177434476278_mask_272.jpg
ID00009637202177434476278_273.jpg,ID00009637202177434476278_mask_273.jpg
ID00009637202177434476278_274.jpg,ID00009637202177434476278_mask_274.jpg
ID00009637202177434476278_275.jpg,ID00009637202177434476278_mask_275.jpg
ID00009637202177434476278_276.jpg,ID00009637202177434476278_mask_276.jpg
ID00009637202177434476278_277.jpg,ID00009637202177434476278_mask_277.jpg
ID00009637202177434476278_278.jpg,ID00009637202177434476278_mask_278.jpg
ID00009637202177434476278_279.jpg,ID00009637202177434476278_mask_279.jpg
ID00009637202177434476278_280.jpg,ID00009637202177434476278_mask_280.jpg
ID00009637202177434476278_281.jpg,ID00009637202177434476278_mask_281.jpg
ID00009637202177434476278_282.jpg,ID00009637202177434476278_mask_282.jpg
ID00009637202177434476278_283.jpg,ID00009637202177434476278_mask_283.jpg
ID00009637202177434476278_284.jpg,ID00009637202177434476278_mask_284.jpg
ID00009637202177434476278_285.jpg,ID00009637202177434476278_mask_285.jpg
ID00009637202177434476278_286.jpg,ID00009637202177434476278_mask_286.jpg
ID00009637202177434476278_287.jpg,ID00009637202177434476278_mask_287.jpg
ID00009637202177434476278_288.jpg,ID00009637202177434476278_mask_288.jpg
ID00009637202177434476278_289.jpg,ID00009637202177434476278_mask_289.jpg
ID00009637202177434476278_290.jpg,ID00009637202177434476278_mask_290.jpg
ID00009637202177434476278_291.jpg,ID00009637202177434476278_mask_291.jpg
ID00009637202177434476278_292.jpg,ID00009637202177434476278_mask_292.jpg
ID00009637202177434476278_293.jpg,ID00009637202177434476278_mask_293.jpg
ID00009637202177434476278_294.jpg,ID00009637202177434476278_mask_294.jpg
ID00009637202177434476278_295.jpg,ID00009637202177434476278_mask_295.jpg
ID00009637202177434476278_296.jpg,ID00009637202177434476278_mask_296.jpg
ID00009637202177434476278_297.jpg,ID00009637202177434476278_mask_297.jpg
ID00009637202177434476278_298.jpg,ID00009637202177434476278_mask_298.jpg
ID00009637202177434476278_299.jpg,ID00009637202177434476278_mask_299.jpg
ID00009637202177434476278_300.jpg,ID00009637202177434476278_mask_300.jpg
ID00009637202177434476278_301.jpg,ID00009637202177434476278_mask_301.jpg
ID00009637202177434476278_302.jpg,ID00009637202177434476278_mask_302.jpg
ID00009637202177434476278_303.jpg,ID00009637202177434476278_mask_303.jpg
ID00009637202177434476278_304.jpg,ID00009637202177434476278_mask_304.jpg
ID00009637202177434476278_305.jpg,ID00009637202177434476278_mask_305.jpg
ID00009637202177434476278_306.jpg,ID00009637202177434476278_mask_306.jpg
ID00009637202177434476278_307.jpg,ID00009637202177434476278_mask_307.jpg
ID00009637202177434476278_308.jpg,ID00009637202177434476278_mask_308.jpg
ID00009637202177434476278_309.jpg,ID00009637202177434476278_mask_309.jpg
ID00009637202177434476278_310.jpg,ID00009637202177434476278_mask_310.jpg
ID00009637202177434476278_311.jpg,ID00009637202177434476278_mask_311.jpg
ID00009637202177434476278_312.jpg,ID00009637202177434476278_mask_312.jpg
ID00009637202177434476278_313.jpg,ID00009637202177434476278_mask_313.jpg
ID00009637202177434476278_314.jpg,ID00009637202177434476278_mask_314.jpg
ID00009637202177434476278_315.jpg,ID00009637202177434476278_mask_315.jpg
ID00009637202177434476278_316.jpg,ID00009637202177434476278_mask_316.jpg
ID00009637202177434476278_317.jpg,ID00009637202177434476278_mask_317.jpg
ID00009637202177434476278_318.jpg,ID00009637202177434476278_mask_318.jpg
ID00009637202177434476278_319.jpg,ID00009637202177434476278_mask_319.jpg
ID00009637202177434476278_320.jpg,ID00009637202177434476278_mask_320.jpg
ID00009637202177434476278_321.jpg,ID00009637202177434476278_mask_321.jpg
ID00009637202177434476278_322.jpg,ID00009637202177434476278_mask_322.jpg
ID00009637202177434476278_323.jpg,ID00009637202177434476278_mask_323.jpg
ID00009637202177434476278_324.jpg,ID00009637202177434476278_mask_324.jpg
ID00009637202177434476278_325.jpg,ID00009637202177434476278_mask_325.jpg
ID00009637202177434476278_326.jpg,ID00009637202177434476278_mask_326.jpg
ID00009637202177434476278_327.jpg,ID00009637202177434476278_mask_327.jpg
ID00009637202177434476278_328.jpg,ID00009637202177434476278_mask_328.jpg
ID00009637202177434476278_329.jpg,ID00009637202177434476278_mask_329.jpg
ID00009637202177434476278_330.jpg,ID00009637202177434476278_mask_330.jpg
ID00009637202177434476278_331.jpg,ID00009637202177434476278_mask_331.jpg
ID00009637202177434476278_332.jpg,ID00009637202177434476278_mask_332.jpg
ID00009637202177434476278_333.jpg,ID00009637202177434476278_mask_333.jpg
ID00009637202177434476278_334.jpg,ID00009637202177434476278_mask_334.jpg
ID00009637202177434476278_335.jpg,ID00009637202177434476278_mask_335.jpg
ID00009637202177434476278_336.jpg,ID00009637202177434476278_mask_336.jpg
ID00009637202177434476278_337.jpg,ID00009637202177434476278_mask_337.jpg
ID00009637202177434476278_338.jpg,ID00009637202177434476278_mask_338.jpg
ID00009637202177434476278_339.jpg,ID00009637202177434476278_mask_339.jpg
ID00009637202177434476278_340.jpg,ID00009637202177434476278_mask_340.jpg
ID00009637202177434476278_341.jpg,ID00009637202177434476278_mask_341.jpg
ID00009637202177434476278_342.jpg,ID00009637202177434476278_mask_342.jpg
ID00009637202177434476278_343.jpg,ID00009637202177434476278_mask_343.jpg
ID00009637202177434476278_344.jpg,ID00009637202177434476278_mask_344.jpg
ID00009637202177434476278_345.jpg,ID00009637202177434476278_mask_345.jpg
ID00009637202177434476278_346.jpg,ID00009637202177434476278_mask_346.jpg
ID00009637202177434476278_347.jpg,ID00009637202177434476278_mask_347.jpg
ID00009637202177434476278_348.jpg,ID00009637202177434476278_mask_348.jpg
ID00009637202177434476278_349.jpg,ID00009637202177434476278_mask_349.jpg
ID00009637202177434476278_350.jpg,ID00009637202177434476278_mask_350.jpg
ID00009637202177434476278_351.jpg,ID00009637202177434476278_mask_351.jpg
ID00009637202177434476278_352.jpg,ID00009637202177434476278_mask_352.jpg
ID00009637202177434476278_353.jpg,ID00009637202177434476278_mask_353.jpg
ID00009637202177434476278_354.jpg,ID00009637202177434476278_mask_354.jpg
ID00009637202177434476278_355.jpg,ID00009637202177434476278_mask_355.jpg
ID00009637202177434476278_356.jpg,ID00009637202177434476278_mask_356.jpg
ID00009637202177434476278_357.jpg,ID00009637202177434476278_mask_357.jpg
ID00009637202177434476278_358.jpg,ID00009637202177434476278_mask_358.jpg
ID00009637202177434476278_359.jpg,ID00009637202177434476278_mask_359.jpg
ID00009637202177434476278_360.jpg,ID00009637202177434476278_mask_360.jpg
ID00009637202177434476278_361.jpg,ID00009637202177434476278_mask_361.jpg
ID00009637202177434476278_362.jpg,ID00009637202177434476278_mask_362.jpg
ID00009637202177434476278_363.jpg,ID00009637202177434476278_mask_363.jpg
ID00009637202177434476278_364.jpg,ID00009637202177434476278_mask_364.jpg
ID00009637202177434476278_365.jpg,ID00009637202177434476278_mask_365.jpg
ID00009637202177434476278_366.jpg,ID00009637202177434476278_mask_366.jpg
ID00009637202177434476278_367.jpg,ID00009637202177434476278_mask_367.jpg
ID00009637202177434476278_368.jpg,ID00009637202177434476278_mask_368.jpg
ID00009637202177434476278_369.jpg,ID00009637202177434476278_mask_369.jpg
ID00009637202177434476278_370.jpg,ID00009637202177434476278_mask_370.jpg
ID00009637202177434476278_371.jpg,ID00009637202177434476278_mask_371.jpg
ID00009637202177434476278_372.jpg,ID00009637202177434476278_mask_372.jpg
ID00009637202177434476278_373.jpg,ID00009637202177434476278_mask_373.jpg
ID00009637202177434476278_374.jpg,ID00009637202177434476278_mask_374.jpg
ID00009637202177434476278_375.jpg,ID00009637202177434476278_mask_375.jpg
ID00009637202177434476278_376.jpg,ID00009637202177434476278_mask_376.jpg
ID00009637202177434476278_377.jpg,ID00009637202177434476278_mask_377.jpg
ID00009637202177434476278_378.jpg,ID00009637202177434476278_mask_378.jpg
ID00009637202177434476278_379.jpg,ID00009637202177434476278_mask_379.jpg
ID00009637202177434476278_380.jpg,ID00009637202177434476278_mask_380.jpg
ID00009637202177434476278_381.jpg,ID00009637202177434476278_mask_381.jpg
ID00009637202177434476278_382.jpg,ID00009637202177434476278_mask_382.jpg
ID00009637202177434476278_383.jpg,ID00009637202177434476278_mask_383.jpg
ID00009637202177434476278_384.jpg,ID00009637202177434476278_mask_384.jpg
ID00009637202177434476278_385.jpg,ID00009637202177434476278_mask_385.jpg
ID00009637202177434476278_386.jpg,ID00009637202177434476278_mask_386.jpg
ID00009637202177434476278_387.jpg,ID00009637202177434476278_mask_387.jpg
ID00009637202177434476278_388.jpg,ID00009637202177434476278_mask_388.jpg
ID00009637202177434476278_389.jpg,ID00009637202177434476278_mask_389.jpg
ID00009637202177434476278_390.jpg,ID00009637202177434476278_mask_390.jpg
ID00009637202177434476278_391.jpg,ID00009637202177434476278_mask_391.jpg
ID00009637202177434476278_392.jpg,ID00009637202177434476278_mask_392.jpg
ID00009637202177434476278_393.jpg,ID00009637202177434476278_mask_393.jpg
ID00010637202177584971671_0.jpg,ID00010637202177584971671_mask_0.jpg
ID00010637202177584971671_1.jpg,ID00010637202177584971671_mask_1.jpg
ID00010637202177584971671_2.jpg,ID00010637202177584971671_mask_2.jpg
ID00010637202177584971671_3.jpg,ID00010637202177584971671_mask_3.jpg
ID00010637202177584971671_4.jpg,ID00010637202177584971671_mask_4.jpg
ID00010637202177584971671_5.jpg,ID00010637202177584971671_mask_5.jpg
ID00010637202177584971671_6.jpg,ID00010637202177584971671_mask_6.jpg
ID00010637202177584971671_7.jpg,ID00010637202177584971671_mask_7.jpg
ID00010637202177584971671_8.jpg,ID00010637202177584971671_mask_8.jpg
ID00010637202177584971671_9.jpg,ID00010637202177584971671_mask_9.jpg
ID00010637202177584971671_10.jpg,ID00010637202177584971671_mask_10.jpg
ID00010637202177584971671_11.jpg,ID00010637202177584971671_mask_11.jpg
ID00010637202177584971671_12.jpg,ID00010637202177584971671_mask_12.jpg
ID00010637202177584971671_13.jpg,ID00010637202177584971671_mask_13.jpg
ID00010637202177584971671_14.jpg,ID00010637202177584971671_mask_14.jpg
ID00010637202177584971671_15.jpg,ID00010637202177584971671_mask_15.jpg
ID00010637202177584971671_16.jpg,ID00010637202177584971671_mask_16.jpg
ID00010637202177584971671_17.jpg,ID00010637202177584971671_mask_17.jpg
ID00010637202177584971671_18.jpg,ID00010637202177584971671_mask_18.jpg
ID00010637202177584971671_19.jpg,ID00010637202177584971671_mask_19.jpg
ID00010637202177584971671_20.jpg,ID00010637202177584971671_mask_20.jpg
ID00010637202177584971671_21.jpg,ID00010637202177584971671_mask_21.jpg
ID00010637202177584971671_22.jpg,ID00010637202177584971671_mask_22.jpg
ID00010637202177584971671_23.jpg,ID00010637202177584971671_mask_23.jpg
ID00010637202177584971671_24.jpg,ID00010637202177584971671_mask_24.jpg
ID00010637202177584971671_25.jpg,ID00010637202177584971671_mask_25.jpg
ID00010637202177584971671_26.jpg,ID00010637202177584971671_mask_26.jpg
ID00010637202177584971671_27.jpg,ID00010637202177584971671_mask_27.jpg
ID00010637202177584971671_28.jpg,ID00010637202177584971671_mask_28.jpg
ID00010637202177584971671_29.jpg,ID00010637202177584971671_mask_29.jpg
ID00010637202177584971671_30.jpg,ID00010637202177584971671_mask_30.jpg
ID00010637202177584971671_31.jpg,ID00010637202177584971671_mask_31.jpg
ID00010637202177584971671_32.jpg,ID00010637202177584971671_mask_32.jpg
ID00010637202177584971671_33.jpg,ID00010637202177584971671_mask_33.jpg
ID00010637202177584971671_34.jpg,ID00010637202177584971671_mask_34.jpg
ID00010637202177584971671_35.jpg,ID00010637202177584971671_mask_35.jpg
ID00010637202177584971671_36.jpg,ID00010637202177584971671_mask_36.jpg
ID00010637202177584971671_37.jpg,ID00010637202177584971671_mask_37.jpg
ID00010637202177584971671_38.jpg,ID00010637202177584971671_mask_38.jpg
ID00010637202177584971671_39.jpg,ID00010637202177584971671_mask_39.jpg
ID00010637202177584971671_40.jpg,ID00010637202177584971671_mask_40.jpg
ID00010637202177584971671_41.jpg,ID00010637202177584971671_mask_41.jpg
ID00010637202177584971671_42.jpg,ID00010637202177584971671_mask_42.jpg
ID00010637202177584971671_43.jpg,ID00010637202177584971671_mask_43.jpg
ID00010637202177584971671_44.jpg,ID00010637202177584971671_mask_44.jpg
ID00010637202177584971671_45.jpg,ID00010637202177584971671_mask_45.jpg
ID00010637202177584971671_46.jpg,ID00010637202177584971671_mask_46.jpg
ID00010637202177584971671_47.jpg,ID00010637202177584971671_mask_47.jpg
ID00010637202177584971671_48.jpg,ID00010637202177584971671_mask_48.jpg
ID00010637202177584971671_49.jpg,ID00010637202177584971671_mask_49.jpg
ID00010637202177584971671_50.jpg,ID00010637202177584971671_mask_50.jpg
ID00010637202177584971671_51.jpg,ID00010637202177584971671_mask_51.jpg
ID00010637202177584971671_52.jpg,ID00010637202177584971671_mask_52.jpg
ID00010637202177584971671_53.jpg,ID00010637202177584971671_mask_53.jpg
ID00010637202177584971671_54.jpg,ID00010637202177584971671_mask_54.jpg
ID00010637202177584971671_55.jpg,ID00010637202177584971671_mask_55.jpg
ID00010637202177584971671_56.jpg,ID00010637202177584971671_mask_56.jpg
ID00010637202177584971671_57.jpg,ID00010637202177584971671_mask_57.jpg
ID00010637202177584971671_58.jpg,ID00010637202177584971671_mask_58.jpg
ID00010637202177584971671_59.jpg,ID00010637202177584971671_mask_59.jpg
ID00010637202177584971671_60.jpg,ID00010637202177584971671_mask_60.jpg
ID00010637202177584971671_61.jpg,ID00010637202177584971671_mask_61.jpg
ID00010637202177584971671_62.jpg,ID00010637202177584971671_mask_62.jpg
ID00010637202177584971671_63.jpg,ID00010637202177584971671_mask_63.jpg
ID00010637202177584971671_64.jpg,ID00010637202177584971671_mask_64.jpg
ID00010637202177584971671_65.jpg,ID00010637202177584971671_mask_65.jpg
ID00010637202177584971671_66.jpg,ID00010637202177584971671_mask_66.jpg
ID00010637202177584971671_67.jpg,ID00010637202177584971671_mask_67.jpg
ID00010637202177584971671_68.jpg,ID00010637202177584971671_mask_68.jpg
ID00010637202177584971671_69.jpg,ID00010637202177584971671_mask_69.jpg
ID00010637202177584971671_70.jpg,ID00010637202177584971671_mask_70.jpg
ID00010637202177584971671_71.jpg,ID00010637202177584971671_mask_71.jpg
ID00010637202177584971671_72.jpg,ID00010637202177584971671_mask_72.jpg
ID00010637202177584971671_73.jpg,ID00010637202177584971671_mask_73.jpg
ID00010637202177584971671_74.jpg,ID00010637202177584971671_mask_74.jpg
ID00010637202177584971671_75.jpg,ID00010637202177584971671_mask_75.jpg
ID00010637202177584971671_76.jpg,ID00010637202177584971671_mask_76.jpg
ID00010637202177584971671_77.jpg,ID00010637202177584971671_mask_77.jpg
ID00010637202177584971671_78.jpg,ID00010637202177584971671_mask_78.jpg
ID00010637202177584971671_79.jpg,ID00010637202177584971671_mask_79.jpg
ID00010637202177584971671_80.jpg,ID00010637202177584971671_mask_80.jpg
ID00010637202177584971671_81.jpg,ID00010637202177584971671_mask_81.jpg
ID00010637202177584971671_82.jpg,ID00010637202177584971671_mask_82.jpg
ID00010637202177584971671_83.jpg,ID00010637202177584971671_mask_83.jpg
ID00010637202177584971671_84.jpg,ID00010637202177584971671_mask_84.jpg
ID00010637202177584971671_85.jpg,ID00010637202177584971671_mask_85.jpg
ID00010637202177584971671_86.jpg,ID00010637202177584971671_mask_86.jpg
ID00010637202177584971671_87.jpg,ID00010637202177584971671_mask_87.jpg
ID00010637202177584971671_88.jpg,ID00010637202177584971671_mask_88.jpg
ID00010637202177584971671_89.jpg,ID00010637202177584971671_mask_89.jpg
ID00010637202177584971671_90.jpg,ID00010637202177584971671_mask_90.jpg
ID00010637202177584971671_91.jpg,ID00010637202177584971671_mask_91.jpg
ID00010637202177584971671_92.jpg,ID00010637202177584971671_mask_92.jpg
ID00010637202177584971671_93.jpg,ID00010637202177584971671_mask_93.jpg
ID00010637202177584971671_94.jpg,ID00010637202177584971671_mask_94.jpg
ID00010637202177584971671_95.jpg,ID00010637202177584971671_mask_95.jpg
ID00010637202177584971671_96.jpg,ID00010637202177584971671_mask_96.jpg
ID00010637202177584971671_97.jpg,ID00010637202177584971671_mask_97.jpg
ID00010637202177584971671_98.jpg,ID00010637202177584971671_mask_98.jpg
ID00010637202177584971671_99.jpg,ID00010637202177584971671_mask_99.jpg
ID00010637202177584971671_100.jpg,ID00010637202177584971671_mask_100.jpg
ID00010637202177584971671_101.jpg,ID00010637202177584971671_mask_101.jpg
ID00010637202177584971671_102.jpg,ID00010637202177584971671_mask_102.jpg
ID00010637202177584971671_103.jpg,ID00010637202177584971671_mask_103.jpg
ID00010637202177584971671_104.jpg,ID00010637202177584971671_mask_104.jpg
ID00010637202177584971671_105.jpg,ID00010637202177584971671_mask_105.jpg
ID00012637202177665765362_0.jpg,ID00012637202177665765362_mask_0.jpg
ID00012637202177665765362_1.jpg,ID00012637202177665765362_mask_1.jpg
ID00012637202177665765362_2.jpg,ID00012637202177665765362_mask_2.jpg
ID00012637202177665765362_3.jpg,ID00012637202177665765362_mask_3.jpg
ID00012637202177665765362_4.jpg,ID00012637202177665765362_mask_4.jpg
ID00012637202177665765362_5.jpg,ID00012637202177665765362_mask_5.jpg
ID00012637202177665765362_6.jpg,ID00012637202177665765362_mask_6.jpg
ID00012637202177665765362_7.jpg,ID00012637202177665765362_mask_7.jpg
ID00012637202177665765362_8.jpg,ID00012637202177665765362_mask_8.jpg
ID00012637202177665765362_9.jpg,ID00012637202177665765362_mask_9.jpg
ID00012637202177665765362_10.jpg,ID00012637202177665765362_mask_10.jpg
ID00012637202177665765362_11.jpg,ID00012637202177665765362_mask_11.jpg
ID00012637202177665765362_12.jpg,ID00012637202177665765362_mask_12.jpg
ID00012637202177665765362_13.jpg,ID00012637202177665765362_mask_13.jpg
ID00012637202177665765362_14.jpg,ID00012637202177665765362_mask_14.jpg
ID00012637202177665765362_15.jpg,ID00012637202177665765362_mask_15.jpg
ID00012637202177665765362_16.jpg,ID00012637202177665765362_mask_16.jpg
ID00012637202177665765362_17.jpg,ID00012637202177665765362_mask_17.jpg
ID00012637202177665765362_18.jpg,ID00012637202177665765362_mask_18.jpg
ID00012637202177665765362_19.jpg,ID00012637202177665765362_mask_19.jpg
ID00012637202177665765362_20.jpg,ID00012637202177665765362_mask_20.jpg
ID00012637202177665765362_21.jpg,ID00012637202177665765362_mask_21.jpg
ID00012637202177665765362_22.jpg,ID00012637202177665765362_mask_22.jpg
ID00012637202177665765362_23.jpg,ID00012637202177665765362_mask_23.jpg
ID00012637202177665765362_24.jpg,ID00012637202177665765362_mask_24.jpg
ID00012637202177665765362_25.jpg,ID00012637202177665765362_mask_25.jpg
ID00012637202177665765362_26.jpg,ID00012637202177665765362_mask_26.jpg
ID00012637202177665765362_27.jpg,ID00012637202177665765362_mask_27.jpg
ID00012637202177665765362_28.jpg,ID00012637202177665765362_mask_28.jpg
ID00012637202177665765362_29.jpg,ID00012637202177665765362_mask_29.jpg
ID00012637202177665765362_30.jpg,ID00012637202177665765362_mask_30.jpg
ID00012637202177665765362_31.jpg,ID00012637202177665765362_mask_31.jpg
ID00012637202177665765362_32.jpg,ID00012637202177665765362_mask_32.jpg
ID00012637202177665765362_33.jpg,ID00012637202177665765362_mask_33.jpg
ID00012637202177665765362_34.jpg,ID00012637202177665765362_mask_34.jpg
ID00012637202177665765362_35.jpg,ID00012637202177665765362_mask_35.jpg
ID00012637202177665765362_36.jpg,ID00012637202177665765362_mask_36.jpg
ID00012637202177665765362_37.jpg,ID00012637202177665765362_mask_37.jpg
ID00012637202177665765362_38.jpg,ID00012637202177665765362_mask_38.jpg
ID00012637202177665765362_39.jpg,ID00012637202177665765362_mask_39.jpg
ID00012637202177665765362_40.jpg,ID00012637202177665765362_mask_40.jpg
ID00012637202177665765362_41.jpg,ID00012637202177665765362_mask_41.jpg
ID00012637202177665765362_42.jpg,ID00012637202177665765362_mask_42.jpg
ID00012637202177665765362_43.jpg,ID00012637202177665765362_mask_43.jpg
ID00012637202177665765362_44.jpg,ID00012637202177665765362_mask_44.jpg
ID00012637202177665765362_45.jpg,ID00012637202177665765362_mask_45.jpg
ID00012637202177665765362_46.jpg,ID00012637202177665765362_mask_46.jpg
ID00012637202177665765362_47.jpg,ID00012637202177665765362_mask_47.jpg
ID00012637202177665765362_48.jpg,ID00012637202177665765362_mask_48.jpg
ID00014637202177757139317_0.jpg,ID00014637202177757139317_mask_0.jpg
ID00014637202177757139317_1.jpg,ID00014637202177757139317_mask_1.jpg
ID00014637202177757139317_2.jpg,ID00014637202177757139317_mask_2.jpg
ID00014637202177757139317_3.jpg,ID00014637202177757139317_mask_3.jpg
ID00014637202177757139317_4.jpg,ID00014637202177757139317_mask_4.jpg
ID00014637202177757139317_5.jpg,ID00014637202177757139317_mask_5.jpg
ID00014637202177757139317_6.jpg,ID00014637202177757139317_mask_6.jpg
ID00014637202177757139317_7.jpg,ID00014637202177757139317_mask_7.jpg
ID00014637202177757139317_8.jpg,ID00014637202177757139317_mask_8.jpg
ID00014637202177757139317_9.jpg,ID00014637202177757139317_mask_9.jpg
ID00014637202177757139317_10.jpg,ID00014637202177757139317_mask_10.jpg
ID00014637202177757139317_11.jpg,ID00014637202177757139317_mask_11.jpg
ID00014637202177757139317_12.jpg,ID00014637202177757139317_mask_12.jpg
ID00014637202177757139317_13.jpg,ID00014637202177757139317_mask_13.jpg
ID00014637202177757139317_14.jpg,ID00014637202177757139317_mask_14.jpg
ID00014637202177757139317_15.jpg,ID00014637202177757139317_mask_15.jpg
ID00014637202177757139317_16.jpg,ID00014637202177757139317_mask_16.jpg
ID00014637202177757139317_17.jpg,ID00014637202177757139317_mask_17.jpg
ID00014637202177757139317_18.jpg,ID00014637202177757139317_mask_18.jpg
ID00014637202177757139317_19.jpg,ID00014637202177757139317_mask_19.jpg
ID00014637202177757139317_20.jpg,ID00014637202177757139317_mask_20.jpg
ID00014637202177757139317_21.jpg,ID00014637202177757139317_mask_21.jpg
ID00014637202177757139317_22.jpg,ID00014637202177757139317_mask_22.jpg
ID00014637202177757139317_23.jpg,ID00014637202177757139317_mask_23.jpg
ID00014637202177757139317_24.jpg,ID00014637202177757139317_mask_24.jpg
ID00014637202177757139317_25.jpg,ID00014637202177757139317_mask_25.jpg
ID00014637202177757139317_26.jpg,ID00014637202177757139317_mask_26.jpg
ID00014637202177757139317_27.jpg,ID00014637202177757139317_mask_27.jpg
ID00014637202177757139317_28.jpg,ID00014637202177757139317_mask_28.jpg
ID00014637202177757139317_29.jpg,ID00014637202177757139317_mask_29.jpg
ID00014637202177757139317_30.jpg,ID00014637202177757139317_mask_30.jpg
ID00015637202177877247924_0.jpg,ID00015637202177877247924_mask_0.jpg
ID00015637202177877247924_1.jpg,ID00015637202177877247924_mask_1.jpg
ID00015637202177877247924_2.jpg,ID00015637202177877247924_mask_2.jpg
ID00015637202177877247924_3.jpg,ID00015637202177877247924_mask_3.jpg
ID00015637202177877247924_4.jpg,ID00015637202177877247924_mask_4.jpg
ID00015637202177877247924_5.jpg,ID00015637202177877247924_mask_5.jpg
ID00015637202177877247924_6.jpg,ID00015637202177877247924_mask_6.jpg
ID00015637202177877247924_7.jpg,ID00015637202177877247924_mask_7.jpg
ID00015637202177877247924_8.jpg,ID00015637202177877247924_mask_8.jpg
ID00015637202177877247924_9.jpg,ID00015637202177877247924_mask_9.jpg
ID00015637202177877247924_10.jpg,ID00015637202177877247924_mask_10.jpg
ID00015637202177877247924_11.jpg,ID00015637202177877247924_mask_11.jpg
ID00015637202177877247924_12.jpg,ID00015637202177877247924_mask_12.jpg
ID00015637202177877247924_13.jpg,ID00015637202177877247924_mask_13.jpg
ID00015637202177877247924_14.jpg,ID00015637202177877247924_mask_14.jpg
ID00015637202177877247924_15.jpg,ID00015637202177877247924_mask_15.jpg
ID00015637202177877247924_16.jpg,ID00015637202177877247924_mask_16.jpg
ID00015637202177877247924_17.jpg,ID00015637202177877247924_mask_17.jpg
ID00015637202177877247924_18.jpg,ID00015637202177877247924_mask_18.jpg
ID00015637202177877247924_19.jpg,ID00015637202177877247924_mask_19.jpg
ID00015637202177877247924_20.jpg,ID00015637202177877247924_mask_20.jpg
ID00015637202177877247924_21.jpg,ID00015637202177877247924_mask_21.jpg
ID00015637202177877247924_22.jpg,ID00015637202177877247924_mask_22.jpg
ID00015637202177877247924_23.jpg,ID00015637202177877247924_mask_23.jpg
ID00015637202177877247924_24.jpg,ID00015637202177877247924_mask_24.jpg
ID00015637202177877247924_25.jpg,ID00015637202177877247924_mask_25.jpg
ID00015637202177877247924_26.jpg,ID00015637202177877247924_mask_26.jpg
ID00015637202177877247924_27.jpg,ID00015637202177877247924_mask_27.jpg
ID00015637202177877247924_28.jpg,ID00015637202177877247924_mask_28.jpg
ID00015637202177877247924_29.jpg,ID00015637202177877247924_mask_29.jpg
ID00015637202177877247924_30.jpg,ID00015637202177877247924_mask_30.jpg
ID00015637202177877247924_31.jpg,ID00015637202177877247924_mask_31.jpg
ID00015637202177877247924_32.jpg,ID00015637202177877247924_mask_32.jpg
ID00015637202177877247924_33.jpg,ID00015637202177877247924_mask_33.jpg
ID00015637202177877247924_34.jpg,ID00015637202177877247924_mask_34.jpg
ID00015637202177877247924_35.jpg,ID00015637202177877247924_mask_35.jpg
ID00015637202177877247924_36.jpg,ID00015637202177877247924_mask_36.jpg
ID00015637202177877247924_37.jpg,ID00015637202177877247924_mask_37.jpg
ID00015637202177877247924_38.jpg,ID00015637202177877247924_mask_38.jpg
ID00015637202177877247924_39.jpg,ID00015637202177877247924_mask_39.jpg
ID00015637202177877247924_40.jpg,ID00015637202177877247924_mask_40.jpg
ID00015637202177877247924_41.jpg,ID00015637202177877247924_mask_41.jpg
ID00015637202177877247924_42.jpg,ID00015637202177877247924_mask_42.jpg
ID00015637202177877247924_43.jpg,ID00015637202177877247924_mask_43.jpg
ID00015637202177877247924_44.jpg,ID00015637202177877247924_mask_44.jpg
ID00015637202177877247924_45.jpg,ID00015637202177877247924_mask_45.jpg
ID00015637202177877247924_46.jpg,ID00015637202177877247924_mask_46.jpg
ID00015637202177877247924_47.jpg,ID00015637202177877247924_mask_47.jpg
ID00015637202177877247924_48.jpg,ID00015637202177877247924_mask_48.jpg
ID00015637202177877247924_49.jpg,ID00015637202177877247924_mask_49.jpg
ID00015637202177877247924_50.jpg,ID00015637202177877247924_mask_50.jpg
ID00015637202177877247924_51.jpg,ID00015637202177877247924_mask_51.jpg
ID00015637202177877247924_52.jpg,ID00015637202177877247924_mask_52.jpg
ID00015637202177877247924_53.jpg,ID00015637202177877247924_mask_53.jpg
ID00015637202177877247924_54.jpg,ID00015637202177877247924_mask_54.jpg
ID00015637202177877247924_55.jpg,ID00015637202177877247924_mask_55.jpg
ID00015637202177877247924_56.jpg,ID00015637202177877247924_mask_56.jpg
ID00015637202177877247924_57.jpg,ID00015637202177877247924_mask_57.jpg
ID00015637202177877247924_58.jpg,ID00015637202177877247924_mask_58.jpg
ID00015637202177877247924_59.jpg,ID00015637202177877247924_mask_59.jpg
ID00015637202177877247924_60.jpg,ID00015637202177877247924_mask_60.jpg
ID00015637202177877247924_61.jpg,ID00015637202177877247924_mask_61.jpg
ID00015637202177877247924_62.jpg,ID00015637202177877247924_mask_62.jpg
ID00015637202177877247924_63.jpg,ID00015637202177877247924_mask_63.jpg
ID00015637202177877247924_64.jpg,ID00015637202177877247924_mask_64.jpg
ID00015637202177877247924_65.jpg,ID00015637202177877247924_mask_65.jpg
ID00015637202177877247924_66.jpg,ID00015637202177877247924_mask_66.jpg
ID00015637202177877247924_67.jpg,ID00015637202177877247924_mask_67.jpg
ID00015637202177877247924_68.jpg,ID00015637202177877247924_mask_68.jpg
ID00015637202177877247924_69.jpg,ID00015637202177877247924_mask_69.jpg
ID00015637202177877247924_70.jpg,ID00015637202177877247924_mask_70.jpg
ID00015637202177877247924_71.jpg,ID00015637202177877247924_mask_71.jpg
ID00015637202177877247924_72.jpg,ID00015637202177877247924_mask_72.jpg
ID00015637202177877247924_73.jpg,ID00015637202177877247924_mask_73.jpg
ID00015637202177877247924_74.jpg,ID00015637202177877247924_mask_74.jpg
ID00015637202177877247924_75.jpg,ID00015637202177877247924_mask_75.jpg
ID00015637202177877247924_76.jpg,ID00015637202177877247924_mask_76.jpg
ID00015637202177877247924_77.jpg,ID00015637202177877247924_mask_77.jpg
ID00015637202177877247924_78.jpg,ID00015637202177877247924_mask_78.jpg
ID00015637202177877247924_79.jpg,ID00015637202177877247924_mask_79.jpg
ID00015637202177877247924_80.jpg,ID00015637202177877247924_mask_80.jpg
ID00015637202177877247924_81.jpg,ID00015637202177877247924_mask_81.jpg
ID00015637202177877247924_82.jpg,ID00015637202177877247924_mask_82.jpg
ID00015637202177877247924_83.jpg,ID00015637202177877247924_mask_83.jpg
ID00015637202177877247924_84.jpg,ID00015637202177877247924_mask_84.jpg
ID00015637202177877247924_85.jpg,ID00015637202177877247924_mask_85.jpg
ID00015637202177877247924_86.jpg,ID00015637202177877247924_mask_86.jpg
ID00015637202177877247924_87.jpg,ID00015637202177877247924_mask_87.jpg
ID00015637202177877247924_88.jpg,ID00015637202177877247924_mask_88.jpg
ID00015637202177877247924_89.jpg,ID00015637202177877247924_mask_89.jpg
ID00015637202177877247924_90.jpg,ID00015637202177877247924_mask_90.jpg
ID00015637202177877247924_91.jpg,ID00015637202177877247924_mask_91.jpg
ID00015637202177877247924_92.jpg,ID00015637202177877247924_mask_92.jpg
ID00015637202177877247924_93.jpg,ID00015637202177877247924_mask_93.jpg
ID00015637202177877247924_94.jpg,ID00015637202177877247924_mask_94.jpg
ID00015637202177877247924_95.jpg,ID00015637202177877247924_mask_95.jpg
ID00015637202177877247924_96.jpg,ID00015637202177877247924_mask_96.jpg
ID00015637202177877247924_97.jpg,ID00015637202177877247924_mask_97.jpg
ID00015637202177877247924_98.jpg,ID00015637202177877247924_mask_98.jpg
ID00015637202177877247924_99.jpg,ID00015637202177877247924_mask_99.jpg
ID00015637202177877247924_100.jpg,ID00015637202177877247924_mask_100.jpg
ID00015637202177877247924_101.jpg,ID00015637202177877247924_mask_101.jpg
ID00015637202177877247924_102.jpg,ID00015637202177877247924_mask_102.jpg
ID00015637202177877247924_103.jpg,ID00015637202177877247924_mask_103.jpg
ID00015637202177877247924_104.jpg,ID00015637202177877247924_mask_104.jpg
ID00015637202177877247924_105.jpg,ID00015637202177877247924_mask_105.jpg
ID00015637202177877247924_106.jpg,ID00015637202177877247924_mask_106.jpg
ID00015637202177877247924_107.jpg,ID00015637202177877247924_mask_107.jpg
ID00015637202177877247924_108.jpg,ID00015637202177877247924_mask_108.jpg
ID00015637202177877247924_109.jpg,ID00015637202177877247924_mask_109.jpg
ID00015637202177877247924_110.jpg,ID00015637202177877247924_mask_110.jpg
ID00015637202177877247924_111.jpg,ID00015637202177877247924_mask_111.jpg
ID00015637202177877247924_112.jpg,ID00015637202177877247924_mask_112.jpg
ID00015637202177877247924_113.jpg,ID00015637202177877247924_mask_113.jpg
ID00015637202177877247924_114.jpg,ID00015637202177877247924_mask_114.jpg
ID00015637202177877247924_115.jpg,ID00015637202177877247924_mask_115.jpg
ID00015637202177877247924_116.jpg,ID00015637202177877247924_mask_116.jpg
ID00015637202177877247924_117.jpg,ID00015637202177877247924_mask_117.jpg
ID00015637202177877247924_118.jpg,ID00015637202177877247924_mask_118.jpg
ID00015637202177877247924_119.jpg,ID00015637202177877247924_mask_119.jpg
ID00015637202177877247924_120.jpg,ID00015637202177877247924_mask_120.jpg
ID00015637202177877247924_121.jpg,ID00015637202177877247924_mask_121.jpg
ID00015637202177877247924_122.jpg,ID00015637202177877247924_mask_122.jpg
ID00015637202177877247924_123.jpg,ID00015637202177877247924_mask_123.jpg
ID00015637202177877247924_124.jpg,ID00015637202177877247924_mask_124.jpg
ID00015637202177877247924_125.jpg,ID00015637202177877247924_mask_125.jpg
ID00015637202177877247924_126.jpg,ID00015637202177877247924_mask_126.jpg
ID00015637202177877247924_127.jpg,ID00015637202177877247924_mask_127.jpg
ID00015637202177877247924_128.jpg,ID00015637202177877247924_mask_128.jpg
ID00015637202177877247924_129.jpg,ID00015637202177877247924_mask_129.jpg
ID00015637202177877247924_130.jpg,ID00015637202177877247924_mask_130.jpg
ID00015637202177877247924_131.jpg,ID00015637202177877247924_mask_131.jpg
ID00015637202177877247924_132.jpg,ID00015637202177877247924_mask_132.jpg
ID00015637202177877247924_133.jpg,ID00015637202177877247924_mask_133.jpg
ID00015637202177877247924_134.jpg,ID00015637202177877247924_mask_134.jpg
ID00015637202177877247924_135.jpg,ID00015637202177877247924_mask_135.jpg
ID00015637202177877247924_136.jpg,ID00015637202177877247924_mask_136.jpg
ID00015637202177877247924_137.jpg,ID00015637202177877247924_mask_137.jpg
ID00015637202177877247924_138.jpg,ID00015637202177877247924_mask_138.jpg
ID00015637202177877247924_139.jpg,ID00015637202177877247924_mask_139.jpg
ID00015637202177877247924_140.jpg,ID00015637202177877247924_mask_140.jpg
ID00015637202177877247924_141.jpg,ID00015637202177877247924_mask_141.jpg
ID00015637202177877247924_142.jpg,ID00015637202177877247924_mask_142.jpg
ID00015637202177877247924_143.jpg,ID00015637202177877247924_mask_143.jpg
ID00015637202177877247924_144.jpg,ID00015637202177877247924_mask_144.jpg
ID00015637202177877247924_145.jpg,ID00015637202177877247924_mask_145.jpg
ID00015637202177877247924_146.jpg,ID00015637202177877247924_mask_146.jpg
ID00015637202177877247924_147.jpg,ID00015637202177877247924_mask_147.jpg
ID00015637202177877247924_148.jpg,ID00015637202177877247924_mask_148.jpg
ID00015637202177877247924_149.jpg,ID00015637202177877247924_mask_149.jpg
ID00015637202177877247924_150.jpg,ID00015637202177877247924_mask_150.jpg
ID00015637202177877247924_151.jpg,ID00015637202177877247924_mask_151.jpg
ID00015637202177877247924_152.jpg,ID00015637202177877247924_mask_152.jpg
ID00015637202177877247924_153.jpg,ID00015637202177877247924_mask_153.jpg
ID00015637202177877247924_154.jpg,ID00015637202177877247924_mask_154.jpg
ID00015637202177877247924_155.jpg,ID00015637202177877247924_mask_155.jpg
ID00015637202177877247924_156.jpg,ID00015637202177877247924_mask_156.jpg
ID00015637202177877247924_157.jpg,ID00015637202177877247924_mask_157.jpg
ID00015637202177877247924_158.jpg,ID00015637202177877247924_mask_158.jpg
ID00015637202177877247924_159.jpg,ID00015637202177877247924_mask_159.jpg
ID00015637202177877247924_160.jpg,ID00015637202177877247924_mask_160.jpg
ID00015637202177877247924_161.jpg,ID00015637202177877247924_mask_161.jpg
ID00015637202177877247924_162.jpg,ID00015637202177877247924_mask_162.jpg
ID00015637202177877247924_163.jpg,ID00015637202177877247924_mask_163.jpg
ID00015637202177877247924_164.jpg,ID00015637202177877247924_mask_164.jpg
ID00015637202177877247924_165.jpg,ID00015637202177877247924_mask_165.jpg
ID00015637202177877247924_166.jpg,ID00015637202177877247924_mask_166.jpg
ID00015637202177877247924_167.jpg,ID00015637202177877247924_mask_167.jpg
ID00015637202177877247924_168.jpg,ID00015637202177877247924_mask_168.jpg
ID00015637202177877247924_169.jpg,ID00015637202177877247924_mask_169.jpg
ID00015637202177877247924_170.jpg,ID00015637202177877247924_mask_170.jpg
ID00015637202177877247924_171.jpg,ID00015637202177877247924_mask_171.jpg
ID00015637202177877247924_172.jpg,ID00015637202177877247924_mask_172.jpg
ID00015637202177877247924_173.jpg,ID00015637202177877247924_mask_173.jpg
ID00015637202177877247924_174.jpg,ID00015637202177877247924_mask_174.jpg
ID00015637202177877247924_175.jpg,ID00015637202177877247924_mask_175.jpg
ID00015637202177877247924_176.jpg,ID00015637202177877247924_mask_176.jpg
ID00015637202177877247924_177.jpg,ID00015637202177877247924_mask_177.jpg
ID00015637202177877247924_178.jpg,ID00015637202177877247924_mask_178.jpg
ID00015637202177877247924_179.jpg,ID00015637202177877247924_mask_179.jpg
ID00015637202177877247924_180.jpg,ID00015637202177877247924_mask_180.jpg
ID00015637202177877247924_181.jpg,ID00015637202177877247924_mask_181.jpg
ID00015637202177877247924_182.jpg,ID00015637202177877247924_mask_182.jpg
ID00015637202177877247924_183.jpg,ID00015637202177877247924_mask_183.jpg
ID00015637202177877247924_184.jpg,ID00015637202177877247924_mask_184.jpg
ID00015637202177877247924_185.jpg,ID00015637202177877247924_mask_185.jpg
ID00015637202177877247924_186.jpg,ID00015637202177877247924_mask_186.jpg
ID00015637202177877247924_187.jpg,ID00015637202177877247924_mask_187.jpg
ID00015637202177877247924_188.jpg,ID00015637202177877247924_mask_188.jpg
ID00015637202177877247924_189.jpg,ID00015637202177877247924_mask_189.jpg
ID00015637202177877247924_190.jpg,ID00015637202177877247924_mask_190.jpg
ID00015637202177877247924_191.jpg,ID00015637202177877247924_mask_191.jpg
ID00015637202177877247924_192.jpg,ID00015637202177877247924_mask_192.jpg
ID00015637202177877247924_193.jpg,ID00015637202177877247924_mask_193.jpg
ID00015637202177877247924_194.jpg,ID00015637202177877247924_mask_194.jpg
ID00015637202177877247924_195.jpg,ID00015637202177877247924_mask_195.jpg
ID00015637202177877247924_196.jpg,ID00015637202177877247924_mask_196.jpg
ID00015637202177877247924_197.jpg,ID00015637202177877247924_mask_197.jpg
ID00015637202177877247924_198.jpg,ID00015637202177877247924_mask_198.jpg
ID00015637202177877247924_199.jpg,ID00015637202177877247924_mask_199.jpg
ID00015637202177877247924_200.jpg,ID00015637202177877247924_mask_200.jpg
ID00015637202177877247924_201.jpg,ID00015637202177877247924_mask_201.jpg
ID00015637202177877247924_202.jpg,ID00015637202177877247924_mask_202.jpg
ID00015637202177877247924_203.jpg,ID00015637202177877247924_mask_203.jpg
ID00015637202177877247924_204.jpg,ID00015637202177877247924_mask_204.jpg
ID00015637202177877247924_205.jpg,ID00015637202177877247924_mask_205.jpg
ID00015637202177877247924_206.jpg,ID00015637202177877247924_mask_206.jpg
ID00015637202177877247924_207.jpg,ID00015637202177877247924_mask_207.jpg
ID00015637202177877247924_208.jpg,ID00015637202177877247924_mask_208.jpg
ID00015637202177877247924_209.jpg,ID00015637202177877247924_mask_209.jpg
ID00015637202177877247924_210.jpg,ID00015637202177877247924_mask_210.jpg
ID00015637202177877247924_211.jpg,ID00015637202177877247924_mask_211.jpg
ID00015637202177877247924_212.jpg,ID00015637202177877247924_mask_212.jpg
ID00015637202177877247924_213.jpg,ID00015637202177877247924_mask_213.jpg
ID00015637202177877247924_214.jpg,ID00015637202177877247924_mask_214.jpg
ID00015637202177877247924_215.jpg,ID00015637202177877247924_mask_215.jpg
ID00015637202177877247924_216.jpg,ID00015637202177877247924_mask_216.jpg
ID00015637202177877247924_217.jpg,ID00015637202177877247924_mask_217.jpg
ID00015637202177877247924_218.jpg,ID00015637202177877247924_mask_218.jpg
ID00015637202177877247924_219.jpg,ID00015637202177877247924_mask_219.jpg
ID00015637202177877247924_220.jpg,ID00015637202177877247924_mask_220.jpg
ID00015637202177877247924_221.jpg,ID00015637202177877247924_mask_221.jpg
ID00015637202177877247924_222.jpg,ID00015637202177877247924_mask_222.jpg
ID00015637202177877247924_223.jpg,ID00015637202177877247924_mask_223.jpg
ID00015637202177877247924_224.jpg,ID00015637202177877247924_mask_224.jpg
ID00015637202177877247924_225.jpg,ID00015637202177877247924_mask_225.jpg
ID00015637202177877247924_226.jpg,ID00015637202177877247924_mask_226.jpg
ID00015637202177877247924_227.jpg,ID00015637202177877247924_mask_227.jpg
ID00015637202177877247924_228.jpg,ID00015637202177877247924_mask_228.jpg
ID00015637202177877247924_229.jpg,ID00015637202177877247924_mask_229.jpg
ID00015637202177877247924_230.jpg,ID00015637202177877247924_mask_230.jpg
ID00015637202177877247924_231.jpg,ID00015637202177877247924_mask_231.jpg
ID00015637202177877247924_232.jpg,ID00015637202177877247924_mask_232.jpg
ID00015637202177877247924_233.jpg,ID00015637202177877247924_mask_233.jpg
ID00015637202177877247924_234.jpg,ID00015637202177877247924_mask_234.jpg
ID00015637202177877247924_235.jpg,ID00015637202177877247924_mask_235.jpg
ID00015637202177877247924_236.jpg,ID00015637202177877247924_mask_236.jpg
ID00015637202177877247924_237.jpg,ID00015637202177877247924_mask_237.jpg
ID00015637202177877247924_238.jpg,ID00015637202177877247924_mask_238.jpg
ID00015637202177877247924_239.jpg,ID00015637202177877247924_mask_239.jpg
ID00015637202177877247924_240.jpg,ID00015637202177877247924_mask_240.jpg
ID00015637202177877247924_241.jpg,ID00015637202177877247924_mask_241.jpg
ID00015637202177877247924_242.jpg,ID00015637202177877247924_mask_242.jpg
ID00015637202177877247924_243.jpg,ID00015637202177877247924_mask_243.jpg
ID00015637202177877247924_244.jpg,ID00015637202177877247924_mask_244.jpg
ID00015637202177877247924_245.jpg,ID00015637202177877247924_mask_245.jpg
ID00015637202177877247924_246.jpg,ID00015637202177877247924_mask_246.jpg
ID00015637202177877247924_247.jpg,ID00015637202177877247924_mask_247.jpg
ID00015637202177877247924_248.jpg,ID00015637202177877247924_mask_248.jpg
ID00015637202177877247924_249.jpg,ID00015637202177877247924_mask_249.jpg
ID00015637202177877247924_250.jpg,ID00015637202177877247924_mask_250.jpg
ID00015637202177877247924_251.jpg,ID00015637202177877247924_mask_251.jpg
ID00015637202177877247924_252.jpg,ID00015637202177877247924_mask_252.jpg
ID00015637202177877247924_253.jpg,ID00015637202177877247924_mask_253.jpg
ID00015637202177877247924_254.jpg,ID00015637202177877247924_mask_254.jpg
ID00015637202177877247924_255.jpg,ID00015637202177877247924_mask_255.jpg
ID00015637202177877247924_256.jpg,ID00015637202177877247924_mask_256.jpg
ID00015637202177877247924_257.jpg,ID00015637202177877247924_mask_257.jpg
ID00015637202177877247924_258.jpg,ID00015637202177877247924_mask_258.jpg
ID00015637202177877247924_259.jpg,ID00015637202177877247924_mask_259.jpg
ID00015637202177877247924_260.jpg,ID00015637202177877247924_mask_260.jpg
ID00015637202177877247924_261.jpg,ID00015637202177877247924_mask_261.jpg
ID00015637202177877247924_262.jpg,ID00015637202177877247924_mask_262.jpg
ID00015637202177877247924_263.jpg,ID00015637202177877247924_mask_263.jpg
ID00015637202177877247924_264.jpg,ID00015637202177877247924_mask_264.jpg
ID00015637202177877247924_265.jpg,ID00015637202177877247924_mask_265.jpg
ID00015637202177877247924_266.jpg,ID00015637202177877247924_mask_266.jpg
ID00015637202177877247924_267.jpg,ID00015637202177877247924_mask_267.jpg
ID00015637202177877247924_268.jpg,ID00015637202177877247924_mask_268.jpg
ID00015637202177877247924_269.jpg,ID00015637202177877247924_mask_269.jpg
ID00015637202177877247924_270.jpg,ID00015637202177877247924_mask_270.jpg
ID00015637202177877247924_271.jpg,ID00015637202177877247924_mask_271.jpg
ID00015637202177877247924_272.jpg,ID00015637202177877247924_mask_272.jpg
ID00015637202177877247924_273.jpg,ID00015637202177877247924_mask_273.jpg
ID00015637202177877247924_274.jpg,ID00015637202177877247924_mask_274.jpg
ID00015637202177877247924_275.jpg,ID00015637202177877247924_mask_275.jpg
ID00015637202177877247924_276.jpg,ID00015637202177877247924_mask_276.jpg
ID00015637202177877247924_277.jpg,ID00015637202177877247924_mask_277.jpg
ID00015637202177877247924_278.jpg,ID00015637202177877247924_mask_278.jpg
ID00015637202177877247924_279.jpg,ID00015637202177877247924_mask_279.jpg
ID00015637202177877247924_280.jpg,ID00015637202177877247924_mask_280.jpg
ID00015637202177877247924_281.jpg,ID00015637202177877247924_mask_281.jpg
ID00015637202177877247924_282.jpg,ID00015637202177877247924_mask_282.jpg
ID00015637202177877247924_283.jpg,ID00015637202177877247924_mask_283.jpg
ID00015637202177877247924_284.jpg,ID00015637202177877247924_mask_284.jpg
ID00015637202177877247924_285.jpg,ID00015637202177877247924_mask_285.jpg
ID00015637202177877247924_286.jpg,ID00015637202177877247924_mask_286.jpg
ID00015637202177877247924_287.jpg,ID00015637202177877247924_mask_287.jpg
ID00015637202177877247924_288.jpg,ID00015637202177877247924_mask_288.jpg
ID00015637202177877247924_289.jpg,ID00015637202177877247924_mask_289.jpg
ID00015637202177877247924_290.jpg,ID00015637202177877247924_mask_290.jpg
ID00015637202177877247924_291.jpg,ID00015637202177877247924_mask_291.jpg
ID00015637202177877247924_292.jpg,ID00015637202177877247924_mask_292.jpg
ID00015637202177877247924_293.jpg,ID00015637202177877247924_mask_293.jpg
ID00015637202177877247924_294.jpg,ID00015637202177877247924_mask_294.jpg
ID00019637202178323708467_0.jpg,ID00019637202178323708467_mask_0.jpg
ID00019637202178323708467_1.jpg,ID00019637202178323708467_mask_1.jpg
ID00019637202178323708467_2.jpg,ID00019637202178323708467_mask_2.jpg
ID00019637202178323708467_3.jpg,ID00019637202178323708467_mask_3.jpg
ID00019637202178323708467_4.jpg,ID00019637202178323708467_mask_4.jpg
ID00019637202178323708467_5.jpg,ID00019637202178323708467_mask_5.jpg
ID00019637202178323708467_6.jpg,ID00019637202178323708467_mask_6.jpg
ID00019637202178323708467_7.jpg,ID00019637202178323708467_mask_7.jpg
ID00019637202178323708467_8.jpg,ID00019637202178323708467_mask_8.jpg
ID00019637202178323708467_9.jpg,ID00019637202178323708467_mask_9.jpg
ID00019637202178323708467_10.jpg,ID00019637202178323708467_mask_10.jpg
ID00019637202178323708467_11.jpg,ID00019637202178323708467_mask_11.jpg
ID00019637202178323708467_12.jpg,ID00019637202178323708467_mask_12.jpg
ID00019637202178323708467_13.jpg,ID00019637202178323708467_mask_13.jpg
ID00019637202178323708467_14.jpg,ID00019637202178323708467_mask_14.jpg
ID00019637202178323708467_15.jpg,ID00019637202178323708467_mask_15.jpg
ID00019637202178323708467_16.jpg,ID00019637202178323708467_mask_16.jpg
ID00019637202178323708467_17.jpg,ID00019637202178323708467_mask_17.jpg
ID00019637202178323708467_18.jpg,ID00019637202178323708467_mask_18.jpg
ID00019637202178323708467_19.jpg,ID00019637202178323708467_mask_19.jpg
ID00019637202178323708467_20.jpg,ID00019637202178323708467_mask_20.jpg
ID00019637202178323708467_21.jpg,ID00019637202178323708467_mask_21.jpg
ID00019637202178323708467_22.jpg,ID00019637202178323708467_mask_22.jpg
ID00019637202178323708467_23.jpg,ID00019637202178323708467_mask_23.jpg
ID00019637202178323708467_24.jpg,ID00019637202178323708467_mask_24.jpg
ID00019637202178323708467_25.jpg,ID00019637202178323708467_mask_25.jpg
ID00019637202178323708467_26.jpg,ID00019637202178323708467_mask_26.jpg
ID00019637202178323708467_27.jpg,ID00019637202178323708467_mask_27.jpg
ID00019637202178323708467_28.jpg,ID00019637202178323708467_mask_28.jpg
ID00025637202179541264076_0.jpg,ID00025637202179541264076_mask_0.jpg
ID00025637202179541264076_1.jpg,ID00025637202179541264076_mask_1.jpg
ID00025637202179541264076_2.jpg,ID00025637202179541264076_mask_2.jpg
ID00025637202179541264076_3.jpg,ID00025637202179541264076_mask_3.jpg
ID00025637202179541264076_4.jpg,ID00025637202179541264076_mask_4.jpg
ID00025637202179541264076_5.jpg,ID00025637202179541264076_mask_5.jpg
ID00025637202179541264076_6.jpg,ID00025637202179541264076_mask_6.jpg
ID00025637202179541264076_7.jpg,ID00025637202179541264076_mask_7.jpg
ID00025637202179541264076_8.jpg,ID00025637202179541264076_mask_8.jpg
ID00025637202179541264076_9.jpg,ID00025637202179541264076_mask_9.jpg
ID00025637202179541264076_10.jpg,ID00025637202179541264076_mask_10.jpg
ID00025637202179541264076_11.jpg,ID00025637202179541264076_mask_11.jpg
ID00025637202179541264076_12.jpg,ID00025637202179541264076_mask_12.jpg
ID00025637202179541264076_13.jpg,ID00025637202179541264076_mask_13.jpg
ID00025637202179541264076_14.jpg,ID00025637202179541264076_mask_14.jpg
ID00025637202179541264076_15.jpg,ID00025637202179541264076_mask_15.jpg
ID00025637202179541264076_16.jpg,ID00025637202179541264076_mask_16.jpg
ID00025637202179541264076_17.jpg,ID00025637202179541264076_mask_17.jpg
ID00025637202179541264076_18.jpg,ID00025637202179541264076_mask_18.jpg
ID00025637202179541264076_19.jpg,ID00025637202179541264076_mask_19.jpg
ID00025637202179541264076_20.jpg,ID00025637202179541264076_mask_20.jpg
ID00025637202179541264076_21.jpg,ID00025637202179541264076_mask_21.jpg
ID00025637202179541264076_22.jpg,ID00025637202179541264076_mask_22.jpg
ID00025637202179541264076_23.jpg,ID00025637202179541264076_mask_23.jpg
ID00027637202179689871102_0.jpg,ID00027637202179689871102_mask_0.jpg
ID00027637202179689871102_1.jpg,ID00027637202179689871102_mask_1.jpg
ID00027637202179689871102_2.jpg,ID00027637202179689871102_mask_2.jpg
ID00027637202179689871102_3.jpg,ID00027637202179689871102_mask_3.jpg
ID00027637202179689871102_4.jpg,ID00027637202179689871102_mask_4.jpg
ID00027637202179689871102_5.jpg,ID00027637202179689871102_mask_5.jpg
ID00027637202179689871102_6.jpg,ID00027637202179689871102_mask_6.jpg
ID00027637202179689871102_7.jpg,ID00027637202179689871102_mask_7.jpg
ID00027637202179689871102_8.jpg,ID00027637202179689871102_mask_8.jpg
ID00027637202179689871102_9.jpg,ID00027637202179689871102_mask_9.jpg
ID00027637202179689871102_10.jpg,ID00027637202179689871102_mask_10.jpg
ID00027637202179689871102_11.jpg,ID00027637202179689871102_mask_11.jpg
ID00027637202179689871102_12.jpg,ID00027637202179689871102_mask_12.jpg
ID00027637202179689871102_13.jpg,ID00027637202179689871102_mask_13.jpg
ID00027637202179689871102_14.jpg,ID00027637202179689871102_mask_14.jpg
ID00027637202179689871102_15.jpg,ID00027637202179689871102_mask_15.jpg
ID00027637202179689871102_16.jpg,ID00027637202179689871102_mask_16.jpg
ID00027637202179689871102_17.jpg,ID00027637202179689871102_mask_17.jpg
ID00027637202179689871102_18.jpg,ID00027637202179689871102_mask_18.jpg
ID00027637202179689871102_19.jpg,ID00027637202179689871102_mask_19.jpg
ID00027637202179689871102_20.jpg,ID00027637202179689871102_mask_20.jpg
ID00027637202179689871102_21.jpg,ID00027637202179689871102_mask_21.jpg
ID00027637202179689871102_22.jpg,ID00027637202179689871102_mask_22.jpg
ID00027637202179689871102_23.jpg,ID00027637202179689871102_mask_23.jpg
ID00027637202179689871102_24.jpg,ID00027637202179689871102_mask_24.jpg
ID00027637202179689871102_25.jpg,ID00027637202179689871102_mask_25.jpg
ID00027637202179689871102_26.jpg,ID00027637202179689871102_mask_26.jpg
ID00027637202179689871102_27.jpg,ID00027637202179689871102_mask_27.jpg
ID00027637202179689871102_28.jpg,ID00027637202179689871102_mask_28.jpg
ID00027637202179689871102_29.jpg,ID00027637202179689871102_mask_29.jpg
ID00027637202179689871102_30.jpg,ID00027637202179689871102_mask_30.jpg
ID00027637202179689871102_31.jpg,ID00027637202179689871102_mask_31.jpg
ID00027637202179689871102_32.jpg,ID00027637202179689871102_mask_32.jpg
ID00027637202179689871102_33.jpg,ID00027637202179689871102_mask_33.jpg
ID00027637202179689871102_34.jpg,ID00027637202179689871102_mask_34.jpg
ID00027637202179689871102_35.jpg,ID00027637202179689871102_mask_35.jpg
ID00027637202179689871102_36.jpg,ID00027637202179689871102_mask_36.jpg
ID00027637202179689871102_37.jpg,ID00027637202179689871102_mask_37.jpg
ID00027637202179689871102_38.jpg,ID00027637202179689871102_mask_38.jpg
ID00027637202179689871102_39.jpg,ID00027637202179689871102_mask_39.jpg
ID00027637202179689871102_40.jpg,ID00027637202179689871102_mask_40.jpg
ID00027637202179689871102_41.jpg,ID00027637202179689871102_mask_41.jpg
ID00027637202179689871102_42.jpg,ID00027637202179689871102_mask_42.jpg
ID00027637202179689871102_43.jpg,ID00027637202179689871102_mask_43.jpg
ID00027637202179689871102_44.jpg,ID00027637202179689871102_mask_44.jpg
ID00027637202179689871102_45.jpg,ID00027637202179689871102_mask_45.jpg
ID00027637202179689871102_46.jpg,ID00027637202179689871102_mask_46.jpg
ID00027637202179689871102_47.jpg,ID00027637202179689871102_mask_47.jpg
ID00027637202179689871102_48.jpg,ID00027637202179689871102_mask_48.jpg
ID00027637202179689871102_49.jpg,ID00027637202179689871102_mask_49.jpg
ID00027637202179689871102_50.jpg,ID00027637202179689871102_mask_50.jpg
ID00027637202179689871102_51.jpg,ID00027637202179689871102_mask_51.jpg
ID00027637202179689871102_52.jpg,ID00027637202179689871102_mask_52.jpg
ID00027637202179689871102_53.jpg,ID00027637202179689871102_mask_53.jpg
ID00027637202179689871102_54.jpg,ID00027637202179689871102_mask_54.jpg
ID00027637202179689871102_55.jpg,ID00027637202179689871102_mask_55.jpg
ID00027637202179689871102_56.jpg,ID00027637202179689871102_mask_56.jpg
ID00027637202179689871102_57.jpg,ID00027637202179689871102_mask_57.jpg
ID00027637202179689871102_58.jpg,ID00027637202179689871102_mask_58.jpg
ID00027637202179689871102_59.jpg,ID00027637202179689871102_mask_59.jpg
ID00027637202179689871102_60.jpg,ID00027637202179689871102_mask_60.jpg
ID00027637202179689871102_61.jpg,ID00027637202179689871102_mask_61.jpg
ID00027637202179689871102_62.jpg,ID00027637202179689871102_mask_62.jpg
ID00027637202179689871102_63.jpg,ID00027637202179689871102_mask_63.jpg
ID00027637202179689871102_64.jpg,ID00027637202179689871102_mask_64.jpg
ID00027637202179689871102_65.jpg,ID00027637202179689871102_mask_65.jpg
ID00027637202179689871102_66.jpg,ID00027637202179689871102_mask_66.jpg
ID00027637202179689871102_67.jpg,ID00027637202179689871102_mask_67.jpg
ID00027637202179689871102_68.jpg,ID00027637202179689871102_mask_68.jpg
ID00027637202179689871102_69.jpg,ID00027637202179689871102_mask_69.jpg
ID00027637202179689871102_70.jpg,ID00027637202179689871102_mask_70.jpg
ID00027637202179689871102_71.jpg,ID00027637202179689871102_mask_71.jpg
ID00027637202179689871102_72.jpg,ID00027637202179689871102_mask_72.jpg
ID00027637202179689871102_73.jpg,ID00027637202179689871102_mask_73.jpg
ID00027637202179689871102_74.jpg,ID00027637202179689871102_mask_74.jpg
ID00027637202179689871102_75.jpg,ID00027637202179689871102_mask_75.jpg
ID00027637202179689871102_76.jpg,ID00027637202179689871102_mask_76.jpg
ID00027637202179689871102_77.jpg,ID00027637202179689871102_mask_77.jpg
ID00027637202179689871102_78.jpg,ID00027637202179689871102_mask_78.jpg
ID00027637202179689871102_79.jpg,ID00027637202179689871102_mask_79.jpg
ID00027637202179689871102_80.jpg,ID00027637202179689871102_mask_80.jpg
ID00027637202179689871102_81.jpg,ID00027637202179689871102_mask_81.jpg
ID00027637202179689871102_82.jpg,ID00027637202179689871102_mask_82.jpg
ID00027637202179689871102_83.jpg,ID00027637202179689871102_mask_83.jpg
ID00027637202179689871102_84.jpg,ID00027637202179689871102_mask_84.jpg
ID00027637202179689871102_85.jpg,ID00027637202179689871102_mask_85.jpg
ID00027637202179689871102_86.jpg,ID00027637202179689871102_mask_86.jpg
ID00027637202179689871102_87.jpg,ID00027637202179689871102_mask_87.jpg
ID00027637202179689871102_88.jpg,ID00027637202179689871102_mask_88.jpg
ID00027637202179689871102_89.jpg,ID00027637202179689871102_mask_89.jpg
ID00027637202179689871102_90.jpg,ID00027637202179689871102_mask_90.jpg
ID00027637202179689871102_91.jpg,ID00027637202179689871102_mask_91.jpg
ID00027637202179689871102_92.jpg,ID00027637202179689871102_mask_92.jpg
ID00027637202179689871102_93.jpg,ID00027637202179689871102_mask_93.jpg
ID00027637202179689871102_94.jpg,ID00027637202179689871102_mask_94.jpg
ID00027637202179689871102_95.jpg,ID00027637202179689871102_mask_95.jpg
ID00027637202179689871102_96.jpg,ID00027637202179689871102_mask_96.jpg
ID00027637202179689871102_97.jpg,ID00027637202179689871102_mask_97.jpg
ID00027637202179689871102_98.jpg,ID00027637202179689871102_mask_98.jpg
ID00027637202179689871102_99.jpg,ID00027637202179689871102_mask_99.jpg
ID00027637202179689871102_100.jpg,ID00027637202179689871102_mask_100.jpg
ID00027637202179689871102_101.jpg,ID00027637202179689871102_mask_101.jpg
ID00027637202179689871102_102.jpg,ID00027637202179689871102_mask_102.jpg
ID00027637202179689871102_103.jpg,ID00027637202179689871102_mask_103.jpg
ID00027637202179689871102_104.jpg,ID00027637202179689871102_mask_104.jpg
ID00027637202179689871102_105.jpg,ID00027637202179689871102_mask_105.jpg
ID00027637202179689871102_106.jpg,ID00027637202179689871102_mask_106.jpg
ID00027637202179689871102_107.jpg,ID00027637202179689871102_mask_107.jpg
ID00027637202179689871102_108.jpg,ID00027637202179689871102_mask_108.jpg
ID00027637202179689871102_109.jpg,ID00027637202179689871102_mask_109.jpg
ID00027637202179689871102_110.jpg,ID00027637202179689871102_mask_110.jpg
ID00027637202179689871102_111.jpg,ID00027637202179689871102_mask_111.jpg
ID00027637202179689871102_112.jpg,ID00027637202179689871102_mask_112.jpg
ID00027637202179689871102_113.jpg,ID00027637202179689871102_mask_113.jpg
ID00027637202179689871102_114.jpg,ID00027637202179689871102_mask_114.jpg
ID00027637202179689871102_115.jpg,ID00027637202179689871102_mask_115.jpg
ID00027637202179689871102_116.jpg,ID00027637202179689871102_mask_116.jpg
ID00027637202179689871102_117.jpg,ID00027637202179689871102_mask_117.jpg
ID00027637202179689871102_118.jpg,ID00027637202179689871102_mask_118.jpg
ID00027637202179689871102_119.jpg,ID00027637202179689871102_mask_119.jpg
ID00027637202179689871102_120.jpg,ID00027637202179689871102_mask_120.jpg
ID00027637202179689871102_121.jpg,ID00027637202179689871102_mask_121.jpg
ID00027637202179689871102_122.jpg,ID00027637202179689871102_mask_122.jpg
ID00027637202179689871102_123.jpg,ID00027637202179689871102_mask_123.jpg
ID00027637202179689871102_124.jpg,ID00027637202179689871102_mask_124.jpg
ID00027637202179689871102_125.jpg,ID00027637202179689871102_mask_125.jpg
ID00027637202179689871102_126.jpg,ID00027637202179689871102_mask_126.jpg
ID00027637202179689871102_127.jpg,ID00027637202179689871102_mask_127.jpg
ID00027637202179689871102_128.jpg,ID00027637202179689871102_mask_128.jpg
ID00027637202179689871102_129.jpg,ID00027637202179689871102_mask_129.jpg
ID00027637202179689871102_130.jpg,ID00027637202179689871102_mask_130.jpg
ID00027637202179689871102_131.jpg,ID00027637202179689871102_mask_131.jpg
ID00027637202179689871102_132.jpg,ID00027637202179689871102_mask_132.jpg
ID00027637202179689871102_133.jpg,ID00027637202179689871102_mask_133.jpg
ID00027637202179689871102_134.jpg,ID00027637202179689871102_mask_134.jpg
ID00027637202179689871102_135.jpg,ID00027637202179689871102_mask_135.jpg
ID00027637202179689871102_136.jpg,ID00027637202179689871102_mask_136.jpg
ID00027637202179689871102_137.jpg,ID00027637202179689871102_mask_137.jpg
ID00027637202179689871102_138.jpg,ID00027637202179689871102_mask_138.jpg
ID00027637202179689871102_139.jpg,ID00027637202179689871102_mask_139.jpg
ID00027637202179689871102_140.jpg,ID00027637202179689871102_mask_140.jpg
ID00027637202179689871102_141.jpg,ID00027637202179689871102_mask_141.jpg
ID00027637202179689871102_142.jpg,ID00027637202179689871102_mask_142.jpg
ID00027637202179689871102_143.jpg,ID00027637202179689871102_mask_143.jpg
ID00027637202179689871102_144.jpg,ID00027637202179689871102_mask_144.jpg
ID00027637202179689871102_145.jpg,ID00027637202179689871102_mask_145.jpg
ID00027637202179689871102_146.jpg,ID00027637202179689871102_mask_146.jpg
ID00027637202179689871102_147.jpg,ID00027637202179689871102_mask_147.jpg
ID00027637202179689871102_148.jpg,ID00027637202179689871102_mask_148.jpg
ID00027637202179689871102_149.jpg,ID00027637202179689871102_mask_149.jpg
ID00027637202179689871102_150.jpg,ID00027637202179689871102_mask_150.jpg
ID00027637202179689871102_151.jpg,ID00027637202179689871102_mask_151.jpg
ID00027637202179689871102_152.jpg,ID00027637202179689871102_mask_152.jpg
ID00027637202179689871102_153.jpg,ID00027637202179689871102_mask_153.jpg
ID00027637202179689871102_154.jpg,ID00027637202179689871102_mask_154.jpg
ID00027637202179689871102_155.jpg,ID00027637202179689871102_mask_155.jpg
ID00027637202179689871102_156.jpg,ID00027637202179689871102_mask_156.jpg
ID00027637202179689871102_157.jpg,ID00027637202179689871102_mask_157.jpg
ID00027637202179689871102_158.jpg,ID00027637202179689871102_mask_158.jpg
ID00027637202179689871102_159.jpg,ID00027637202179689871102_mask_159.jpg
ID00027637202179689871102_160.jpg,ID00027637202179689871102_mask_160.jpg
ID00027637202179689871102_161.jpg,ID00027637202179689871102_mask_161.jpg
ID00027637202179689871102_162.jpg,ID00027637202179689871102_mask_162.jpg
ID00027637202179689871102_163.jpg,ID00027637202179689871102_mask_163.jpg
ID00027637202179689871102_164.jpg,ID00027637202179689871102_mask_164.jpg
ID00027637202179689871102_165.jpg,ID00027637202179689871102_mask_165.jpg
ID00027637202179689871102_166.jpg,ID00027637202179689871102_mask_166.jpg
ID00027637202179689871102_167.jpg,ID00027637202179689871102_mask_167.jpg
ID00027637202179689871102_168.jpg,ID00027637202179689871102_mask_168.jpg
ID00027637202179689871102_169.jpg,ID00027637202179689871102_mask_169.jpg
ID00027637202179689871102_170.jpg,ID00027637202179689871102_mask_170.jpg
ID00027637202179689871102_171.jpg,ID00027637202179689871102_mask_171.jpg
ID00027637202179689871102_172.jpg,ID00027637202179689871102_mask_172.jpg
ID00027637202179689871102_173.jpg,ID00027637202179689871102_mask_173.jpg
ID00027637202179689871102_174.jpg,ID00027637202179689871102_mask_174.jpg
ID00027637202179689871102_175.jpg,ID00027637202179689871102_mask_175.jpg
ID00027637202179689871102_176.jpg,ID00027637202179689871102_mask_176.jpg
ID00027637202179689871102_177.jpg,ID00027637202179689871102_mask_177.jpg
ID00027637202179689871102_178.jpg,ID00027637202179689871102_mask_178.jpg
ID00027637202179689871102_179.jpg,ID00027637202179689871102_mask_179.jpg
ID00027637202179689871102_180.jpg,ID00027637202179689871102_mask_180.jpg
ID00027637202179689871102_181.jpg,ID00027637202179689871102_mask_181.jpg
ID00027637202179689871102_182.jpg,ID00027637202179689871102_mask_182.jpg
ID00027637202179689871102_183.jpg,ID00027637202179689871102_mask_183.jpg
ID00027637202179689871102_184.jpg,ID00027637202179689871102_mask_184.jpg
ID00027637202179689871102_185.jpg,ID00027637202179689871102_mask_185.jpg
ID00027637202179689871102_186.jpg,ID00027637202179689871102_mask_186.jpg
ID00027637202179689871102_187.jpg,ID00027637202179689871102_mask_187.jpg
ID00027637202179689871102_188.jpg,ID00027637202179689871102_mask_188.jpg
ID00027637202179689871102_189.jpg,ID00027637202179689871102_mask_189.jpg
ID00027637202179689871102_190.jpg,ID00027637202179689871102_mask_190.jpg
ID00027637202179689871102_191.jpg,ID00027637202179689871102_mask_191.jpg
ID00027637202179689871102_192.jpg,ID00027637202179689871102_mask_192.jpg
ID00027637202179689871102_193.jpg,ID00027637202179689871102_mask_193.jpg
ID00027637202179689871102_194.jpg,ID00027637202179689871102_mask_194.jpg
ID00027637202179689871102_195.jpg,ID00027637202179689871102_mask_195.jpg
ID00027637202179689871102_196.jpg,ID00027637202179689871102_mask_196.jpg
ID00027637202179689871102_197.jpg,ID00027637202179689871102_mask_197.jpg
ID00027637202179689871102_198.jpg,ID00027637202179689871102_mask_198.jpg
ID00027637202179689871102_199.jpg,ID00027637202179689871102_mask_199.jpg
ID00027637202179689871102_200.jpg,ID00027637202179689871102_mask_200.jpg
ID00027637202179689871102_201.jpg,ID00027637202179689871102_mask_201.jpg
ID00027637202179689871102_202.jpg,ID00027637202179689871102_mask_202.jpg
ID00027637202179689871102_203.jpg,ID00027637202179689871102_mask_203.jpg
ID00027637202179689871102_204.jpg,ID00027637202179689871102_mask_204.jpg
ID00027637202179689871102_205.jpg,ID00027637202179689871102_mask_205.jpg
ID00027637202179689871102_206.jpg,ID00027637202179689871102_mask_206.jpg
ID00027637202179689871102_207.jpg,ID00027637202179689871102_mask_207.jpg
ID00027637202179689871102_208.jpg,ID00027637202179689871102_mask_208.jpg
ID00027637202179689871102_209.jpg,ID00027637202179689871102_mask_209.jpg
ID00027637202179689871102_210.jpg,ID00027637202179689871102_mask_210.jpg
ID00027637202179689871102_211.jpg,ID00027637202179689871102_mask_211.jpg
ID00027637202179689871102_212.jpg,ID00027637202179689871102_mask_212.jpg
ID00027637202179689871102_213.jpg,ID00027637202179689871102_mask_213.jpg
ID00027637202179689871102_214.jpg,ID00027637202179689871102_mask_214.jpg
ID00027637202179689871102_215.jpg,ID00027637202179689871102_mask_215.jpg
ID00027637202179689871102_216.jpg,ID00027637202179689871102_mask_216.jpg
ID00027637202179689871102_217.jpg,ID00027637202179689871102_mask_217.jpg
ID00027637202179689871102_218.jpg,ID00027637202179689871102_mask_218.jpg
ID00027637202179689871102_219.jpg,ID00027637202179689871102_mask_219.jpg
ID00027637202179689871102_220.jpg,ID00027637202179689871102_mask_220.jpg
ID00027637202179689871102_221.jpg,ID00027637202179689871102_mask_221.jpg
ID00027637202179689871102_222.jpg,ID00027637202179689871102_mask_222.jpg
ID00027637202179689871102_223.jpg,ID00027637202179689871102_mask_223.jpg
ID00027637202179689871102_224.jpg,ID00027637202179689871102_mask_224.jpg
ID00027637202179689871102_225.jpg,ID00027637202179689871102_mask_225.jpg
ID00027637202179689871102_226.jpg,ID00027637202179689871102_mask_226.jpg
ID00027637202179689871102_227.jpg,ID00027637202179689871102_mask_227.jpg
ID00027637202179689871102_228.jpg,ID00027637202179689871102_mask_228.jpg
ID00027637202179689871102_229.jpg,ID00027637202179689871102_mask_229.jpg
ID00027637202179689871102_230.jpg,ID00027637202179689871102_mask_230.jpg
ID00027637202179689871102_231.jpg,ID00027637202179689871102_mask_231.jpg
ID00027637202179689871102_232.jpg,ID00027637202179689871102_mask_232.jpg
ID00027637202179689871102_233.jpg,ID00027637202179689871102_mask_233.jpg
ID00027637202179689871102_234.jpg,ID00027637202179689871102_mask_234.jpg
ID00027637202179689871102_235.jpg,ID00027637202179689871102_mask_235.jpg
ID00027637202179689871102_236.jpg,ID00027637202179689871102_mask_236.jpg
ID00027637202179689871102_237.jpg,ID00027637202179689871102_mask_237.jpg
ID00027637202179689871102_238.jpg,ID00027637202179689871102_mask_238.jpg
ID00027637202179689871102_239.jpg,ID00027637202179689871102_mask_239.jpg
ID00027637202179689871102_240.jpg,ID00027637202179689871102_mask_240.jpg
ID00027637202179689871102_241.jpg,ID00027637202179689871102_mask_241.jpg
ID00027637202179689871102_242.jpg,ID00027637202179689871102_mask_242.jpg
ID00027637202179689871102_243.jpg,ID00027637202179689871102_mask_243.jpg
ID00027637202179689871102_244.jpg,ID00027637202179689871102_mask_244.jpg
ID00027637202179689871102_245.jpg,ID00027637202179689871102_mask_245.jpg
ID00027637202179689871102_246.jpg,ID00027637202179689871102_mask_246.jpg
ID00027637202179689871102_247.jpg,ID00027637202179689871102_mask_247.jpg
ID00027637202179689871102_248.jpg,ID00027637202179689871102_mask_248.jpg
ID00027637202179689871102_249.jpg,ID00027637202179689871102_mask_249.jpg
ID00027637202179689871102_250.jpg,ID00027637202179689871102_mask_250.jpg
ID00027637202179689871102_251.jpg,ID00027637202179689871102_mask_251.jpg
ID00027637202179689871102_252.jpg,ID00027637202179689871102_mask_252.jpg
ID00027637202179689871102_253.jpg,ID00027637202179689871102_mask_253.jpg
ID00027637202179689871102_254.jpg,ID00027637202179689871102_mask_254.jpg
ID00027637202179689871102_255.jpg,ID00027637202179689871102_mask_255.jpg
ID00027637202179689871102_256.jpg,ID00027637202179689871102_mask_256.jpg
ID00027637202179689871102_257.jpg,ID00027637202179689871102_mask_257.jpg
ID00027637202179689871102_258.jpg,ID00027637202179689871102_mask_258.jpg
ID00027637202179689871102_259.jpg,ID00027637202179689871102_mask_259.jpg
ID00027637202179689871102_260.jpg,ID00027637202179689871102_mask_260.jpg
ID00027637202179689871102_261.jpg,ID00027637202179689871102_mask_261.jpg
ID00027637202179689871102_262.jpg,ID00027637202179689871102_mask_262.jpg
ID00027637202179689871102_263.jpg,ID00027637202179689871102_mask_263.jpg
ID00027637202179689871102_264.jpg,ID00027637202179689871102_mask_264.jpg
ID00027637202179689871102_265.jpg,ID00027637202179689871102_mask_265.jpg
ID00027637202179689871102_266.jpg,ID00027637202179689871102_mask_266.jpg
ID00027637202179689871102_267.jpg,ID00027637202179689871102_mask_267.jpg
ID00027637202179689871102_268.jpg,ID00027637202179689871102_mask_268.jpg
ID00027637202179689871102_269.jpg,ID00027637202179689871102_mask_269.jpg
ID00027637202179689871102_270.jpg,ID00027637202179689871102_mask_270.jpg
ID00027637202179689871102_271.jpg,ID00027637202179689871102_mask_271.jpg
ID00027637202179689871102_272.jpg,ID00027637202179689871102_mask_272.jpg
ID00027637202179689871102_273.jpg,ID00027637202179689871102_mask_273.jpg
ID00027637202179689871102_274.jpg,ID00027637202179689871102_mask_274.jpg
ID00027637202179689871102_275.jpg,ID00027637202179689871102_mask_275.jpg
ID00027637202179689871102_276.jpg,ID00027637202179689871102_mask_276.jpg
ID00027637202179689871102_277.jpg,ID00027637202179689871102_mask_277.jpg
ID00027637202179689871102_278.jpg,ID00027637202179689871102_mask_278.jpg
ID00027637202179689871102_279.jpg,ID00027637202179689871102_mask_279.jpg
ID00027637202179689871102_280.jpg,ID00027637202179689871102_mask_280.jpg
ID00027637202179689871102_281.jpg,ID00027637202179689871102_mask_281.jpg
ID00027637202179689871102_282.jpg,ID00027637202179689871102_mask_282.jpg
ID00027637202179689871102_283.jpg,ID00027637202179689871102_mask_283.jpg
ID00027637202179689871102_284.jpg,ID00027637202179689871102_mask_284.jpg
ID00027637202179689871102_285.jpg,ID00027637202179689871102_mask_285.jpg
ID00027637202179689871102_286.jpg,ID00027637202179689871102_mask_286.jpg
ID00027637202179689871102_287.jpg,ID00027637202179689871102_mask_287.jpg
ID00027637202179689871102_288.jpg,ID00027637202179689871102_mask_288.jpg
ID00027637202179689871102_289.jpg,ID00027637202179689871102_mask_289.jpg
ID00027637202179689871102_290.jpg,ID00027637202179689871102_mask_290.jpg
ID00027637202179689871102_291.jpg,ID00027637202179689871102_mask_291.jpg
ID00027637202179689871102_292.jpg,ID00027637202179689871102_mask_292.jpg
ID00027637202179689871102_293.jpg,ID00027637202179689871102_mask_293.jpg
ID00027637202179689871102_294.jpg,ID00027637202179689871102_mask_294.jpg
ID00027637202179689871102_295.jpg,ID00027637202179689871102_mask_295.jpg
ID00027637202179689871102_296.jpg,ID00027637202179689871102_mask_296.jpg
ID00027637202179689871102_297.jpg,ID00027637202179689871102_mask_297.jpg
ID00027637202179689871102_298.jpg,ID00027637202179689871102_mask_298.jpg
ID00027637202179689871102_299.jpg,ID00027637202179689871102_mask_299.jpg
ID00027637202179689871102_300.jpg,ID00027637202179689871102_mask_300.jpg
ID00027637202179689871102_301.jpg,ID00027637202179689871102_mask_301.jpg
ID00027637202179689871102_302.jpg,ID00027637202179689871102_mask_302.jpg
ID00027637202179689871102_303.jpg,ID00027637202179689871102_mask_303.jpg
ID00027637202179689871102_304.jpg,ID00027637202179689871102_mask_304.jpg
ID00027637202179689871102_305.jpg,ID00027637202179689871102_mask_305.jpg
ID00027637202179689871102_306.jpg,ID00027637202179689871102_mask_306.jpg
ID00027637202179689871102_307.jpg,ID00027637202179689871102_mask_307.jpg
ID00027637202179689871102_308.jpg,ID00027637202179689871102_mask_308.jpg
ID00027637202179689871102_309.jpg,ID00027637202179689871102_mask_309.jpg
ID00027637202179689871102_310.jpg,ID00027637202179689871102_mask_310.jpg
ID00027637202179689871102_311.jpg,ID00027637202179689871102_mask_311.jpg
ID00027637202179689871102_312.jpg,ID00027637202179689871102_mask_312.jpg
ID00027637202179689871102_313.jpg,ID00027637202179689871102_mask_313.jpg
ID00027637202179689871102_314.jpg,ID00027637202179689871102_mask_314.jpg
ID00027637202179689871102_315.jpg,ID00027637202179689871102_mask_315.jpg
ID00027637202179689871102_316.jpg,ID00027637202179689871102_mask_316.jpg
ID00027637202179689871102_317.jpg,ID00027637202179689871102_mask_317.jpg
ID00027637202179689871102_318.jpg,ID00027637202179689871102_mask_318.jpg
ID00027637202179689871102_319.jpg,ID00027637202179689871102_mask_319.jpg
ID00027637202179689871102_320.jpg,ID00027637202179689871102_mask_320.jpg
ID00027637202179689871102_321.jpg,ID00027637202179689871102_mask_321.jpg
ID00027637202179689871102_322.jpg,ID00027637202179689871102_mask_322.jpg
ID00027637202179689871102_323.jpg,ID00027637202179689871102_mask_323.jpg
ID00027637202179689871102_324.jpg,ID00027637202179689871102_mask_324.jpg
ID00027637202179689871102_325.jpg,ID00027637202179689871102_mask_325.jpg
ID00027637202179689871102_326.jpg,ID00027637202179689871102_mask_326.jpg
ID00027637202179689871102_327.jpg,ID00027637202179689871102_mask_327.jpg
ID00027637202179689871102_328.jpg,ID00027637202179689871102_mask_328.jpg
ID00027637202179689871102_329.jpg,ID00027637202179689871102_mask_329.jpg
ID00027637202179689871102_330.jpg,ID00027637202179689871102_mask_330.jpg
ID00027637202179689871102_331.jpg,ID00027637202179689871102_mask_331.jpg
ID00027637202179689871102_332.jpg,ID00027637202179689871102_mask_332.jpg
ID00027637202179689871102_333.jpg,ID00027637202179689871102_mask_333.jpg
ID00027637202179689871102_334.jpg,ID00027637202179689871102_mask_334.jpg
ID00027637202179689871102_335.jpg,ID00027637202179689871102_mask_335.jpg
ID00027637202179689871102_336.jpg,ID00027637202179689871102_mask_336.jpg
ID00027637202179689871102_337.jpg,ID00027637202179689871102_mask_337.jpg
ID00027637202179689871102_338.jpg,ID00027637202179689871102_mask_338.jpg
ID00027637202179689871102_339.jpg,ID00027637202179689871102_mask_339.jpg
ID00027637202179689871102_340.jpg,ID00027637202179689871102_mask_340.jpg
ID00027637202179689871102_341.jpg,ID00027637202179689871102_mask_341.jpg
ID00027637202179689871102_342.jpg,ID00027637202179689871102_mask_342.jpg
ID00027637202179689871102_343.jpg,ID00027637202179689871102_mask_343.jpg
ID00027637202179689871102_344.jpg,ID00027637202179689871102_mask_344.jpg
ID00027637202179689871102_345.jpg,ID00027637202179689871102_mask_345.jpg
ID00027637202179689871102_346.jpg,ID00027637202179689871102_mask_346.jpg
ID00027637202179689871102_347.jpg,ID00027637202179689871102_mask_347.jpg
ID00027637202179689871102_348.jpg,ID00027637202179689871102_mask_348.jpg
ID00027637202179689871102_349.jpg,ID00027637202179689871102_mask_349.jpg
ID00027637202179689871102_350.jpg,ID00027637202179689871102_mask_350.jpg
ID00027637202179689871102_351.jpg,ID00027637202179689871102_mask_351.jpg
ID00027637202179689871102_352.jpg,ID00027637202179689871102_mask_352.jpg
ID00027637202179689871102_353.jpg,ID00027637202179689871102_mask_353.jpg
ID00027637202179689871102_354.jpg,ID00027637202179689871102_mask_354.jpg
ID00027637202179689871102_355.jpg,ID00027637202179689871102_mask_355.jpg
ID00027637202179689871102_356.jpg,ID00027637202179689871102_mask_356.jpg
ID00027637202179689871102_357.jpg,ID00027637202179689871102_mask_357.jpg
ID00032637202181710233084_0.jpg,ID00032637202181710233084_mask_0.jpg
ID00032637202181710233084_1.jpg,ID00032637202181710233084_mask_1.jpg
ID00032637202181710233084_2.jpg,ID00032637202181710233084_mask_2.jpg
ID00032637202181710233084_3.jpg,ID00032637202181710233084_mask_3.jpg
ID00032637202181710233084_4.jpg,ID00032637202181710233084_mask_4.jpg
ID00032637202181710233084_5.jpg,ID00032637202181710233084_mask_5.jpg
ID00032637202181710233084_6.jpg,ID00032637202181710233084_mask_6.jpg
ID00032637202181710233084_7.jpg,ID00032637202181710233084_mask_7.jpg
ID00032637202181710233084_8.jpg,ID00032637202181710233084_mask_8.jpg
ID00032637202181710233084_9.jpg,ID00032637202181710233084_mask_9.jpg
ID00032637202181710233084_10.jpg,ID00032637202181710233084_mask_10.jpg
ID00032637202181710233084_11.jpg,ID00032637202181710233084_mask_11.jpg
ID00032637202181710233084_12.jpg,ID00032637202181710233084_mask_12.jpg
ID00032637202181710233084_13.jpg,ID00032637202181710233084_mask_13.jpg
ID00032637202181710233084_14.jpg,ID00032637202181710233084_mask_14.jpg
ID00032637202181710233084_15.jpg,ID00032637202181710233084_mask_15.jpg
ID00032637202181710233084_16.jpg,ID00032637202181710233084_mask_16.jpg
ID00032637202181710233084_17.jpg,ID00032637202181710233084_mask_17.jpg
ID00032637202181710233084_18.jpg,ID00032637202181710233084_mask_18.jpg
ID00032637202181710233084_19.jpg,ID00032637202181710233084_mask_19.jpg
ID00032637202181710233084_20.jpg,ID00032637202181710233084_mask_20.jpg
ID00032637202181710233084_21.jpg,ID00032637202181710233084_mask_21.jpg
ID00032637202181710233084_22.jpg,ID00032637202181710233084_mask_22.jpg
ID00032637202181710233084_23.jpg,ID00032637202181710233084_mask_23.jpg
ID00032637202181710233084_24.jpg,ID00032637202181710233084_mask_24.jpg
ID00032637202181710233084_25.jpg,ID00032637202181710233084_mask_25.jpg
ID00032637202181710233084_26.jpg,ID00032637202181710233084_mask_26.jpg
ID00032637202181710233084_27.jpg,ID00032637202181710233084_mask_27.jpg
ID00032637202181710233084_28.jpg,ID00032637202181710233084_mask_28.jpg
ID00032637202181710233084_29.jpg,ID00032637202181710233084_mask_29.jpg
ID00032637202181710233084_30.jpg,ID00032637202181710233084_mask_30.jpg
ID00032637202181710233084_31.jpg,ID00032637202181710233084_mask_31.jpg
ID00032637202181710233084_32.jpg,ID00032637202181710233084_mask_32.jpg
ID00032637202181710233084_33.jpg,ID00032637202181710233084_mask_33.jpg
ID00032637202181710233084_34.jpg,ID00032637202181710233084_mask_34.jpg
ID00032637202181710233084_35.jpg,ID00032637202181710233084_mask_35.jpg
ID00032637202181710233084_36.jpg,ID00032637202181710233084_mask_36.jpg
ID00032637202181710233084_37.jpg,ID00032637202181710233084_mask_37.jpg
ID00032637202181710233084_38.jpg,ID00032637202181710233084_mask_38.jpg
ID00032637202181710233084_39.jpg,ID00032637202181710233084_mask_39.jpg
ID00032637202181710233084_40.jpg,ID00032637202181710233084_mask_40.jpg
ID00032637202181710233084_41.jpg,ID00032637202181710233084_mask_41.jpg
ID00032637202181710233084_42.jpg,ID00032637202181710233084_mask_42.jpg
ID00032637202181710233084_43.jpg,ID00032637202181710233084_mask_43.jpg
ID00032637202181710233084_44.jpg,ID00032637202181710233084_mask_44.jpg
ID00032637202181710233084_45.jpg,ID00032637202181710233084_mask_45.jpg
ID00032637202181710233084_46.jpg,ID00032637202181710233084_mask_46.jpg
ID00032637202181710233084_47.jpg,ID00032637202181710233084_mask_47.jpg
ID00032637202181710233084_48.jpg,ID00032637202181710233084_mask_48.jpg
ID00032637202181710233084_49.jpg,ID00032637202181710233084_mask_49.jpg
ID00032637202181710233084_50.jpg,ID00032637202181710233084_mask_50.jpg
ID00032637202181710233084_51.jpg,ID00032637202181710233084_mask_51.jpg
ID00032637202181710233084_52.jpg,ID00032637202181710233084_mask_52.jpg
ID00032637202181710233084_53.jpg,ID00032637202181710233084_mask_53.jpg
ID00032637202181710233084_54.jpg,ID00032637202181710233084_mask_54.jpg
ID00032637202181710233084_55.jpg,ID00032637202181710233084_mask_55.jpg
ID00032637202181710233084_56.jpg,ID00032637202181710233084_mask_56.jpg
ID00032637202181710233084_57.jpg,ID00032637202181710233084_mask_57.jpg
ID00032637202181710233084_58.jpg,ID00032637202181710233084_mask_58.jpg
ID00032637202181710233084_59.jpg,ID00032637202181710233084_mask_59.jpg
ID00032637202181710233084_60.jpg,ID00032637202181710233084_mask_60.jpg
ID00032637202181710233084_61.jpg,ID00032637202181710233084_mask_61.jpg
ID00032637202181710233084_62.jpg,ID00032637202181710233084_mask_62.jpg
ID00032637202181710233084_63.jpg,ID00032637202181710233084_mask_63.jpg
ID00032637202181710233084_64.jpg,ID00032637202181710233084_mask_64.jpg
ID00032637202181710233084_65.jpg,ID00032637202181710233084_mask_65.jpg
ID00032637202181710233084_66.jpg,ID00032637202181710233084_mask_66.jpg
ID00032637202181710233084_67.jpg,ID00032637202181710233084_mask_67.jpg
ID00032637202181710233084_68.jpg,ID00032637202181710233084_mask_68.jpg
ID00032637202181710233084_69.jpg,ID00032637202181710233084_mask_69.jpg
ID00032637202181710233084_70.jpg,ID00032637202181710233084_mask_70.jpg
ID00032637202181710233084_71.jpg,ID00032637202181710233084_mask_71.jpg
ID00032637202181710233084_72.jpg,ID00032637202181710233084_mask_72.jpg
ID00032637202181710233084_73.jpg,ID00032637202181710233084_mask_73.jpg
ID00032637202181710233084_74.jpg,ID00032637202181710233084_mask_74.jpg
ID00032637202181710233084_75.jpg,ID00032637202181710233084_mask_75.jpg
ID00032637202181710233084_76.jpg,ID00032637202181710233084_mask_76.jpg
ID00032637202181710233084_77.jpg,ID00032637202181710233084_mask_77.jpg
ID00032637202181710233084_78.jpg,ID00032637202181710233084_mask_78.jpg
ID00032637202181710233084_79.jpg,ID00032637202181710233084_mask_79.jpg
ID00032637202181710233084_80.jpg,ID00032637202181710233084_mask_80.jpg
ID00032637202181710233084_81.jpg,ID00032637202181710233084_mask_81.jpg
ID00032637202181710233084_82.jpg,ID00032637202181710233084_mask_82.jpg
ID00032637202181710233084_83.jpg,ID00032637202181710233084_mask_83.jpg
ID00032637202181710233084_84.jpg,ID00032637202181710233084_mask_84.jpg
ID00032637202181710233084_85.jpg,ID00032637202181710233084_mask_85.jpg
ID00032637202181710233084_86.jpg,ID00032637202181710233084_mask_86.jpg
ID00032637202181710233084_87.jpg,ID00032637202181710233084_mask_87.jpg
ID00032637202181710233084_88.jpg,ID00032637202181710233084_mask_88.jpg
ID00032637202181710233084_89.jpg,ID00032637202181710233084_mask_89.jpg
ID00032637202181710233084_90.jpg,ID00032637202181710233084_mask_90.jpg
ID00032637202181710233084_91.jpg,ID00032637202181710233084_mask_91.jpg
ID00032637202181710233084_92.jpg,ID00032637202181710233084_mask_92.jpg
ID00032637202181710233084_93.jpg,ID00032637202181710233084_mask_93.jpg
ID00032637202181710233084_94.jpg,ID00032637202181710233084_mask_94.jpg
ID00032637202181710233084_95.jpg,ID00032637202181710233084_mask_95.jpg
ID00032637202181710233084_96.jpg,ID00032637202181710233084_mask_96.jpg
ID00032637202181710233084_97.jpg,ID00032637202181710233084_mask_97.jpg
ID00032637202181710233084_98.jpg,ID00032637202181710233084_mask_98.jpg
ID00032637202181710233084_99.jpg,ID00032637202181710233084_mask_99.jpg
ID00032637202181710233084_100.jpg,ID00032637202181710233084_mask_100.jpg
ID00032637202181710233084_101.jpg,ID00032637202181710233084_mask_101.jpg
ID00032637202181710233084_102.jpg,ID00032637202181710233084_mask_102.jpg
ID00032637202181710233084_103.jpg,ID00032637202181710233084_mask_103.jpg
ID00032637202181710233084_104.jpg,ID00032637202181710233084_mask_104.jpg
ID00032637202181710233084_105.jpg,ID00032637202181710233084_mask_105.jpg
ID00032637202181710233084_106.jpg,ID00032637202181710233084_mask_106.jpg
ID00032637202181710233084_107.jpg,ID00032637202181710233084_mask_107.jpg
ID00032637202181710233084_108.jpg,ID00032637202181710233084_mask_108.jpg
ID00032637202181710233084_109.jpg,ID00032637202181710233084_mask_109.jpg
ID00032637202181710233084_110.jpg,ID00032637202181710233084_mask_110.jpg
ID00032637202181710233084_111.jpg,ID00032637202181710233084_mask_111.jpg
ID00032637202181710233084_112.jpg,ID00032637202181710233084_mask_112.jpg
ID00032637202181710233084_113.jpg,ID00032637202181710233084_mask_113.jpg
ID00032637202181710233084_114.jpg,ID00032637202181710233084_mask_114.jpg
ID00032637202181710233084_115.jpg,ID00032637202181710233084_mask_115.jpg
ID00032637202181710233084_116.jpg,ID00032637202181710233084_mask_116.jpg
ID00032637202181710233084_117.jpg,ID00032637202181710233084_mask_117.jpg
ID00032637202181710233084_118.jpg,ID00032637202181710233084_mask_118.jpg
ID00032637202181710233084_119.jpg,ID00032637202181710233084_mask_119.jpg
ID00032637202181710233084_120.jpg,ID00032637202181710233084_mask_120.jpg
ID00032637202181710233084_121.jpg,ID00032637202181710233084_mask_121.jpg
ID00032637202181710233084_122.jpg,ID00032637202181710233084_mask_122.jpg
ID00032637202181710233084_123.jpg,ID00032637202181710233084_mask_123.jpg
ID00032637202181710233084_124.jpg,ID00032637202181710233084_mask_124.jpg
ID00032637202181710233084_125.jpg,ID00032637202181710233084_mask_125.jpg
ID00032637202181710233084_126.jpg,ID00032637202181710233084_mask_126.jpg
ID00032637202181710233084_127.jpg,ID00032637202181710233084_mask_127.jpg
ID00032637202181710233084_128.jpg,ID00032637202181710233084_mask_128.jpg
ID00032637202181710233084_129.jpg,ID00032637202181710233084_mask_129.jpg
ID00032637202181710233084_130.jpg,ID00032637202181710233084_mask_130.jpg
ID00032637202181710233084_131.jpg,ID00032637202181710233084_mask_131.jpg
ID00032637202181710233084_132.jpg,ID00032637202181710233084_mask_132.jpg
ID00032637202181710233084_133.jpg,ID00032637202181710233084_mask_133.jpg
ID00032637202181710233084_134.jpg,ID00032637202181710233084_mask_134.jpg
ID00032637202181710233084_135.jpg,ID00032637202181710233084_mask_135.jpg
ID00032637202181710233084_136.jpg,ID00032637202181710233084_mask_136.jpg
ID00032637202181710233084_137.jpg,ID00032637202181710233084_mask_137.jpg
ID00032637202181710233084_138.jpg,ID00032637202181710233084_mask_138.jpg
ID00032637202181710233084_139.jpg,ID00032637202181710233084_mask_139.jpg
ID00032637202181710233084_140.jpg,ID00032637202181710233084_mask_140.jpg
ID00032637202181710233084_141.jpg,ID00032637202181710233084_mask_141.jpg
ID00032637202181710233084_142.jpg,ID00032637202181710233084_mask_142.jpg
ID00032637202181710233084_143.jpg,ID00032637202181710233084_mask_143.jpg
ID00032637202181710233084_144.jpg,ID00032637202181710233084_mask_144.jpg
ID00032637202181710233084_145.jpg,ID00032637202181710233084_mask_145.jpg
ID00032637202181710233084_146.jpg,ID00032637202181710233084_mask_146.jpg
ID00032637202181710233084_147.jpg,ID00032637202181710233084_mask_147.jpg
ID00032637202181710233084_148.jpg,ID00032637202181710233084_mask_148.jpg
ID00032637202181710233084_149.jpg,ID00032637202181710233084_mask_149.jpg
ID00032637202181710233084_150.jpg,ID00032637202181710233084_mask_150.jpg
ID00032637202181710233084_151.jpg,ID00032637202181710233084_mask_151.jpg
ID00032637202181710233084_152.jpg,ID00032637202181710233084_mask_152.jpg
ID00032637202181710233084_153.jpg,ID00032637202181710233084_mask_153.jpg
ID00032637202181710233084_154.jpg,ID00032637202181710233084_mask_154.jpg
ID00032637202181710233084_155.jpg,ID00032637202181710233084_mask_155.jpg
ID00032637202181710233084_156.jpg,ID00032637202181710233084_mask_156.jpg
ID00032637202181710233084_157.jpg,ID00032637202181710233084_mask_157.jpg
ID00032637202181710233084_158.jpg,ID00032637202181710233084_mask_158.jpg
ID00032637202181710233084_159.jpg,ID00032637202181710233084_mask_159.jpg
ID00032637202181710233084_160.jpg,ID00032637202181710233084_mask_160.jpg
ID00032637202181710233084_161.jpg,ID00032637202181710233084_mask_161.jpg
ID00032637202181710233084_162.jpg,ID00032637202181710233084_mask_162.jpg
ID00032637202181710233084_163.jpg,ID00032637202181710233084_mask_163.jpg
ID00032637202181710233084_164.jpg,ID00032637202181710233084_mask_164.jpg
ID00032637202181710233084_165.jpg,ID00032637202181710233084_mask_165.jpg
ID00032637202181710233084_166.jpg,ID00032637202181710233084_mask_166.jpg
ID00032637202181710233084_167.jpg,ID00032637202181710233084_mask_167.jpg
ID00032637202181710233084_168.jpg,ID00032637202181710233084_mask_168.jpg
ID00032637202181710233084_169.jpg,ID00032637202181710233084_mask_169.jpg
ID00032637202181710233084_170.jpg,ID00032637202181710233084_mask_170.jpg
ID00032637202181710233084_171.jpg,ID00032637202181710233084_mask_171.jpg
ID00032637202181710233084_172.jpg,ID00032637202181710233084_mask_172.jpg
ID00032637202181710233084_173.jpg,ID00032637202181710233084_mask_173.jpg
ID00032637202181710233084_174.jpg,ID00032637202181710233084_mask_174.jpg
ID00032637202181710233084_175.jpg,ID00032637202181710233084_mask_175.jpg
ID00032637202181710233084_176.jpg,ID00032637202181710233084_mask_176.jpg
ID00032637202181710233084_177.jpg,ID00032637202181710233084_mask_177.jpg
ID00032637202181710233084_178.jpg,ID00032637202181710233084_mask_178.jpg
ID00032637202181710233084_179.jpg,ID00032637202181710233084_mask_179.jpg
ID00032637202181710233084_180.jpg,ID00032637202181710233084_mask_180.jpg
ID00032637202181710233084_181.jpg,ID00032637202181710233084_mask_181.jpg
ID00032637202181710233084_182.jpg,ID00032637202181710233084_mask_182.jpg
ID00032637202181710233084_183.jpg,ID00032637202181710233084_mask_183.jpg
ID00032637202181710233084_184.jpg,ID00032637202181710233084_mask_184.jpg
ID00032637202181710233084_185.jpg,ID00032637202181710233084_mask_185.jpg
ID00032637202181710233084_186.jpg,ID00032637202181710233084_mask_186.jpg
ID00032637202181710233084_187.jpg,ID00032637202181710233084_mask_187.jpg
ID00032637202181710233084_188.jpg,ID00032637202181710233084_mask_188.jpg
ID00032637202181710233084_189.jpg,ID00032637202181710233084_mask_189.jpg
ID00032637202181710233084_190.jpg,ID00032637202181710233084_mask_190.jpg
ID00032637202181710233084_191.jpg,ID00032637202181710233084_mask_191.jpg
ID00032637202181710233084_192.jpg,ID00032637202181710233084_mask_192.jpg
ID00032637202181710233084_193.jpg,ID00032637202181710233084_mask_193.jpg
ID00032637202181710233084_194.jpg,ID00032637202181710233084_mask_194.jpg
ID00032637202181710233084_195.jpg,ID00032637202181710233084_mask_195.jpg
ID00032637202181710233084_196.jpg,ID00032637202181710233084_mask_196.jpg
ID00032637202181710233084_197.jpg,ID00032637202181710233084_mask_197.jpg
ID00032637202181710233084_198.jpg,ID00032637202181710233084_mask_198.jpg
ID00032637202181710233084_199.jpg,ID00032637202181710233084_mask_199.jpg
ID00032637202181710233084_200.jpg,ID00032637202181710233084_mask_200.jpg
ID00032637202181710233084_201.jpg,ID00032637202181710233084_mask_201.jpg
ID00032637202181710233084_202.jpg,ID00032637202181710233084_mask_202.jpg
ID00032637202181710233084_203.jpg,ID00032637202181710233084_mask_203.jpg
ID00032637202181710233084_204.jpg,ID00032637202181710233084_mask_204.jpg
ID00035637202182204917484_0.jpg,ID00035637202182204917484_mask_0.jpg
ID00035637202182204917484_1.jpg,ID00035637202182204917484_mask_1.jpg
ID00035637202182204917484_2.jpg,ID00035637202182204917484_mask_2.jpg
ID00035637202182204917484_3.jpg,ID00035637202182204917484_mask_3.jpg
ID00035637202182204917484_4.jpg,ID00035637202182204917484_mask_4.jpg
ID00035637202182204917484_5.jpg,ID00035637202182204917484_mask_5.jpg
ID00035637202182204917484_6.jpg,ID00035637202182204917484_mask_6.jpg
ID00035637202182204917484_7.jpg,ID00035637202182204917484_mask_7.jpg
ID00035637202182204917484_8.jpg,ID00035637202182204917484_mask_8.jpg
ID00035637202182204917484_9.jpg,ID00035637202182204917484_mask_9.jpg
ID00035637202182204917484_10.jpg,ID00035637202182204917484_mask_10.jpg
ID00035637202182204917484_11.jpg,ID00035637202182204917484_mask_11.jpg
ID00035637202182204917484_12.jpg,ID00035637202182204917484_mask_12.jpg
ID00035637202182204917484_13.jpg,ID00035637202182204917484_mask_13.jpg
ID00035637202182204917484_14.jpg,ID00035637202182204917484_mask_14.jpg
ID00035637202182204917484_15.jpg,ID00035637202182204917484_mask_15.jpg
ID00035637202182204917484_16.jpg,ID00035637202182204917484_mask_16.jpg
ID00035637202182204917484_17.jpg,ID00035637202182204917484_mask_17.jpg
ID00035637202182204917484_18.jpg,ID00035637202182204917484_mask_18.jpg
ID00035637202182204917484_19.jpg,ID00035637202182204917484_mask_19.jpg
ID00035637202182204917484_20.jpg,ID00035637202182204917484_mask_20.jpg
ID00035637202182204917484_21.jpg,ID00035637202182204917484_mask_21.jpg
ID00035637202182204917484_22.jpg,ID00035637202182204917484_mask_22.jpg
ID00035637202182204917484_23.jpg,ID00035637202182204917484_mask_23.jpg
ID00035637202182204917484_24.jpg,ID00035637202182204917484_mask_24.jpg
ID00035637202182204917484_25.jpg,ID00035637202182204917484_mask_25.jpg
ID00035637202182204917484_26.jpg,ID00035637202182204917484_mask_26.jpg
ID00035637202182204917484_27.jpg,ID00035637202182204917484_mask_27.jpg
ID00035637202182204917484_28.jpg,ID00035637202182204917484_mask_28.jpg
ID00035637202182204917484_29.jpg,ID00035637202182204917484_mask_29.jpg
ID00035637202182204917484_30.jpg,ID00035637202182204917484_mask_30.jpg
ID00035637202182204917484_31.jpg,ID00035637202182204917484_mask_31.jpg
ID00035637202182204917484_32.jpg,ID00035637202182204917484_mask_32.jpg
ID00035637202182204917484_33.jpg,ID00035637202182204917484_mask_33.jpg
ID00035637202182204917484_34.jpg,ID00035637202182204917484_mask_34.jpg
ID00035637202182204917484_35.jpg,ID00035637202182204917484_mask_35.jpg
ID00035637202182204917484_36.jpg,ID00035637202182204917484_mask_36.jpg
ID00035637202182204917484_37.jpg,ID00035637202182204917484_mask_37.jpg
ID00035637202182204917484_38.jpg,ID00035637202182204917484_mask_38.jpg
ID00035637202182204917484_39.jpg,ID00035637202182204917484_mask_39.jpg
ID00035637202182204917484_40.jpg,ID00035637202182204917484_mask_40.jpg
ID00035637202182204917484_41.jpg,ID00035637202182204917484_mask_41.jpg
ID00035637202182204917484_42.jpg,ID00035637202182204917484_mask_42.jpg
ID00035637202182204917484_43.jpg,ID00035637202182204917484_mask_43.jpg
ID00035637202182204917484_44.jpg,ID00035637202182204917484_mask_44.jpg
ID00035637202182204917484_45.jpg,ID00035637202182204917484_mask_45.jpg
ID00035637202182204917484_46.jpg,ID00035637202182204917484_mask_46.jpg
ID00035637202182204917484_47.jpg,ID00035637202182204917484_mask_47.jpg
ID00035637202182204917484_48.jpg,ID00035637202182204917484_mask_48.jpg
ID00035637202182204917484_49.jpg,ID00035637202182204917484_mask_49.jpg
ID00035637202182204917484_50.jpg,ID00035637202182204917484_mask_50.jpg
ID00035637202182204917484_51.jpg,ID00035637202182204917484_mask_51.jpg
ID00035637202182204917484_52.jpg,ID00035637202182204917484_mask_52.jpg
ID00035637202182204917484_53.jpg,ID00035637202182204917484_mask_53.jpg
ID00035637202182204917484_54.jpg,ID00035637202182204917484_mask_54.jpg
ID00035637202182204917484_55.jpg,ID00035637202182204917484_mask_55.jpg
ID00035637202182204917484_56.jpg,ID00035637202182204917484_mask_56.jpg
ID00035637202182204917484_57.jpg,ID00035637202182204917484_mask_57.jpg
ID00035637202182204917484_58.jpg,ID00035637202182204917484_mask_58.jpg
ID00035637202182204917484_59.jpg,ID00035637202182204917484_mask_59.jpg
ID00035637202182204917484_60.jpg,ID00035637202182204917484_mask_60.jpg
ID00035637202182204917484_61.jpg,ID00035637202182204917484_mask_61.jpg
ID00035637202182204917484_62.jpg,ID00035637202182204917484_mask_62.jpg
ID00035637202182204917484_63.jpg,ID00035637202182204917484_mask_63.jpg
ID00035637202182204917484_64.jpg,ID00035637202182204917484_mask_64.jpg
ID00035637202182204917484_65.jpg,ID00035637202182204917484_mask_65.jpg
ID00035637202182204917484_66.jpg,ID00035637202182204917484_mask_66.jpg
ID00035637202182204917484_67.jpg,ID00035637202182204917484_mask_67.jpg
ID00035637202182204917484_68.jpg,ID00035637202182204917484_mask_68.jpg
ID00035637202182204917484_69.jpg,ID00035637202182204917484_mask_69.jpg
ID00035637202182204917484_70.jpg,ID00035637202182204917484_mask_70.jpg
ID00035637202182204917484_71.jpg,ID00035637202182204917484_mask_71.jpg
ID00035637202182204917484_72.jpg,ID00035637202182204917484_mask_72.jpg
ID00035637202182204917484_73.jpg,ID00035637202182204917484_mask_73.jpg
ID00035637202182204917484_74.jpg,ID00035637202182204917484_mask_74.jpg
ID00035637202182204917484_75.jpg,ID00035637202182204917484_mask_75.jpg
ID00035637202182204917484_76.jpg,ID00035637202182204917484_mask_76.jpg
ID00035637202182204917484_77.jpg,ID00035637202182204917484_mask_77.jpg
ID00035637202182204917484_78.jpg,ID00035637202182204917484_mask_78.jpg
ID00035637202182204917484_79.jpg,ID00035637202182204917484_mask_79.jpg
ID00035637202182204917484_80.jpg,ID00035637202182204917484_mask_80.jpg
ID00035637202182204917484_81.jpg,ID00035637202182204917484_mask_81.jpg
ID00035637202182204917484_82.jpg,ID00035637202182204917484_mask_82.jpg
ID00035637202182204917484_83.jpg,ID00035637202182204917484_mask_83.jpg
ID00035637202182204917484_84.jpg,ID00035637202182204917484_mask_84.jpg
ID00035637202182204917484_85.jpg,ID00035637202182204917484_mask_85.jpg
ID00035637202182204917484_86.jpg,ID00035637202182204917484_mask_86.jpg
ID00035637202182204917484_87.jpg,ID00035637202182204917484_mask_87.jpg
ID00035637202182204917484_88.jpg,ID00035637202182204917484_mask_88.jpg
ID00035637202182204917484_89.jpg,ID00035637202182204917484_mask_89.jpg
ID00035637202182204917484_90.jpg,ID00035637202182204917484_mask_90.jpg
ID00035637202182204917484_91.jpg,ID00035637202182204917484_mask_91.jpg
ID00035637202182204917484_92.jpg,ID00035637202182204917484_mask_92.jpg
ID00035637202182204917484_93.jpg,ID00035637202182204917484_mask_93.jpg
ID00035637202182204917484_94.jpg,ID00035637202182204917484_mask_94.jpg
ID00035637202182204917484_95.jpg,ID00035637202182204917484_mask_95.jpg
ID00035637202182204917484_96.jpg,ID00035637202182204917484_mask_96.jpg
ID00035637202182204917484_97.jpg,ID00035637202182204917484_mask_97.jpg
ID00035637202182204917484_98.jpg,ID00035637202182204917484_mask_98.jpg
ID00035637202182204917484_99.jpg,ID00035637202182204917484_mask_99.jpg
ID00035637202182204917484_100.jpg,ID00035637202182204917484_mask_100.jpg
ID00035637202182204917484_101.jpg,ID00035637202182204917484_mask_101.jpg
ID00035637202182204917484_102.jpg,ID00035637202182204917484_mask_102.jpg
ID00035637202182204917484_103.jpg,ID00035637202182204917484_mask_103.jpg
ID00035637202182204917484_104.jpg,ID00035637202182204917484_mask_104.jpg
ID00035637202182204917484_105.jpg,ID00035637202182204917484_mask_105.jpg
ID00035637202182204917484_106.jpg,ID00035637202182204917484_mask_106.jpg
ID00035637202182204917484_107.jpg,ID00035637202182204917484_mask_107.jpg
ID00035637202182204917484_108.jpg,ID00035637202182204917484_mask_108.jpg
ID00035637202182204917484_109.jpg,ID00035637202182204917484_mask_109.jpg
ID00035637202182204917484_110.jpg,ID00035637202182204917484_mask_110.jpg
ID00035637202182204917484_111.jpg,ID00035637202182204917484_mask_111.jpg
ID00035637202182204917484_112.jpg,ID00035637202182204917484_mask_112.jpg
ID00035637202182204917484_113.jpg,ID00035637202182204917484_mask_113.jpg
ID00035637202182204917484_114.jpg,ID00035637202182204917484_mask_114.jpg
ID00035637202182204917484_115.jpg,ID00035637202182204917484_mask_115.jpg
ID00035637202182204917484_116.jpg,ID00035637202182204917484_mask_116.jpg
ID00035637202182204917484_117.jpg,ID00035637202182204917484_mask_117.jpg
ID00035637202182204917484_118.jpg,ID00035637202182204917484_mask_118.jpg
ID00035637202182204917484_119.jpg,ID00035637202182204917484_mask_119.jpg
ID00035637202182204917484_120.jpg,ID00035637202182204917484_mask_120.jpg
ID00035637202182204917484_121.jpg,ID00035637202182204917484_mask_121.jpg
ID00035637202182204917484_122.jpg,ID00035637202182204917484_mask_122.jpg
ID00035637202182204917484_123.jpg,ID00035637202182204917484_mask_123.jpg
ID00035637202182204917484_124.jpg,ID00035637202182204917484_mask_124.jpg
ID00035637202182204917484_125.jpg,ID00035637202182204917484_mask_125.jpg
ID00035637202182204917484_126.jpg,ID00035637202182204917484_mask_126.jpg
ID00035637202182204917484_127.jpg,ID00035637202182204917484_mask_127.jpg
ID00035637202182204917484_128.jpg,ID00035637202182204917484_mask_128.jpg
ID00035637202182204917484_129.jpg,ID00035637202182204917484_mask_129.jpg
ID00035637202182204917484_130.jpg,ID00035637202182204917484_mask_130.jpg
ID00035637202182204917484_131.jpg,ID00035637202182204917484_mask_131.jpg
ID00035637202182204917484_132.jpg,ID00035637202182204917484_mask_132.jpg
ID00035637202182204917484_133.jpg,ID00035637202182204917484_mask_133.jpg
ID00035637202182204917484_134.jpg,ID00035637202182204917484_mask_134.jpg
ID00035637202182204917484_135.jpg,ID00035637202182204917484_mask_135.jpg
ID00035637202182204917484_136.jpg,ID00035637202182204917484_mask_136.jpg
ID00035637202182204917484_137.jpg,ID00035637202182204917484_mask_137.jpg
ID00035637202182204917484_138.jpg,ID00035637202182204917484_mask_138.jpg
ID00035637202182204917484_139.jpg,ID00035637202182204917484_mask_139.jpg
ID00035637202182204917484_140.jpg,ID00035637202182204917484_mask_140.jpg
ID00035637202182204917484_141.jpg,ID00035637202182204917484_mask_141.jpg
ID00035637202182204917484_142.jpg,ID00035637202182204917484_mask_142.jpg
ID00035637202182204917484_143.jpg,ID00035637202182204917484_mask_143.jpg
ID00035637202182204917484_144.jpg,ID00035637202182204917484_mask_144.jpg
ID00035637202182204917484_145.jpg,ID00035637202182204917484_mask_145.jpg
ID00035637202182204917484_146.jpg,ID00035637202182204917484_mask_146.jpg
ID00035637202182204917484_147.jpg,ID00035637202182204917484_mask_147.jpg
ID00035637202182204917484_148.jpg,ID00035637202182204917484_mask_148.jpg
ID00035637202182204917484_149.jpg,ID00035637202182204917484_mask_149.jpg
ID00035637202182204917484_150.jpg,ID00035637202182204917484_mask_150.jpg
ID00035637202182204917484_151.jpg,ID00035637202182204917484_mask_151.jpg
ID00035637202182204917484_152.jpg,ID00035637202182204917484_mask_152.jpg
ID00035637202182204917484_153.jpg,ID00035637202182204917484_mask_153.jpg
ID00035637202182204917484_154.jpg,ID00035637202182204917484_mask_154.jpg
ID00035637202182204917484_155.jpg,ID00035637202182204917484_mask_155.jpg
ID00035637202182204917484_156.jpg,ID00035637202182204917484_mask_156.jpg
ID00035637202182204917484_157.jpg,ID00035637202182204917484_mask_157.jpg
ID00035637202182204917484_158.jpg,ID00035637202182204917484_mask_158.jpg
ID00035637202182204917484_159.jpg,ID00035637202182204917484_mask_159.jpg
ID00035637202182204917484_160.jpg,ID00035637202182204917484_mask_160.jpg
ID00035637202182204917484_161.jpg,ID00035637202182204917484_mask_161.jpg
ID00035637202182204917484_162.jpg,ID00035637202182204917484_mask_162.jpg
ID00035637202182204917484_163.jpg,ID00035637202182204917484_mask_163.jpg
ID00035637202182204917484_164.jpg,ID00035637202182204917484_mask_164.jpg
ID00035637202182204917484_165.jpg,ID00035637202182204917484_mask_165.jpg
ID00035637202182204917484_166.jpg,ID00035637202182204917484_mask_166.jpg
ID00035637202182204917484_167.jpg,ID00035637202182204917484_mask_167.jpg
ID00035637202182204917484_168.jpg,ID00035637202182204917484_mask_168.jpg
ID00035637202182204917484_169.jpg,ID00035637202182204917484_mask_169.jpg
ID00035637202182204917484_170.jpg,ID00035637202182204917484_mask_170.jpg
ID00035637202182204917484_171.jpg,ID00035637202182204917484_mask_171.jpg
ID00035637202182204917484_172.jpg,ID00035637202182204917484_mask_172.jpg
ID00035637202182204917484_173.jpg,ID00035637202182204917484_mask_173.jpg
ID00035637202182204917484_174.jpg,ID00035637202182204917484_mask_174.jpg
ID00035637202182204917484_175.jpg,ID00035637202182204917484_mask_175.jpg
ID00035637202182204917484_176.jpg,ID00035637202182204917484_mask_176.jpg
ID00035637202182204917484_177.jpg,ID00035637202182204917484_mask_177.jpg
ID00035637202182204917484_178.jpg,ID00035637202182204917484_mask_178.jpg
ID00035637202182204917484_179.jpg,ID00035637202182204917484_mask_179.jpg
ID00035637202182204917484_180.jpg,ID00035637202182204917484_mask_180.jpg
ID00035637202182204917484_181.jpg,ID00035637202182204917484_mask_181.jpg
ID00035637202182204917484_182.jpg,ID00035637202182204917484_mask_182.jpg
ID00035637202182204917484_183.jpg,ID00035637202182204917484_mask_183.jpg
ID00035637202182204917484_184.jpg,ID00035637202182204917484_mask_184.jpg
ID00035637202182204917484_185.jpg,ID00035637202182204917484_mask_185.jpg
ID00035637202182204917484_186.jpg,ID00035637202182204917484_mask_186.jpg
ID00035637202182204917484_187.jpg,ID00035637202182204917484_mask_187.jpg
ID00035637202182204917484_188.jpg,ID00035637202182204917484_mask_188.jpg
ID00035637202182204917484_189.jpg,ID00035637202182204917484_mask_189.jpg
ID00035637202182204917484_190.jpg,ID00035637202182204917484_mask_190.jpg
ID00035637202182204917484_191.jpg,ID00035637202182204917484_mask_191.jpg
ID00035637202182204917484_192.jpg,ID00035637202182204917484_mask_192.jpg
ID00035637202182204917484_193.jpg,ID00035637202182204917484_mask_193.jpg
ID00035637202182204917484_194.jpg,ID00035637202182204917484_mask_194.jpg
ID00035637202182204917484_195.jpg,ID00035637202182204917484_mask_195.jpg
ID00035637202182204917484_196.jpg,ID00035637202182204917484_mask_196.jpg
ID00035637202182204917484_197.jpg,ID00035637202182204917484_mask_197.jpg
ID00035637202182204917484_198.jpg,ID00035637202182204917484_mask_198.jpg
ID00035637202182204917484_199.jpg,ID00035637202182204917484_mask_199.jpg
ID00035637202182204917484_200.jpg,ID00035637202182204917484_mask_200.jpg
ID00035637202182204917484_201.jpg,ID00035637202182204917484_mask_201.jpg
ID00035637202182204917484_202.jpg,ID00035637202182204917484_mask_202.jpg
ID00035637202182204917484_203.jpg,ID00035637202182204917484_mask_203.jpg
ID00035637202182204917484_204.jpg,ID00035637202182204917484_mask_204.jpg
ID00035637202182204917484_205.jpg,ID00035637202182204917484_mask_205.jpg
ID00035637202182204917484_206.jpg,ID00035637202182204917484_mask_206.jpg
ID00035637202182204917484_207.jpg,ID00035637202182204917484_mask_207.jpg
ID00035637202182204917484_208.jpg,ID00035637202182204917484_mask_208.jpg
ID00035637202182204917484_209.jpg,ID00035637202182204917484_mask_209.jpg
ID00035637202182204917484_210.jpg,ID00035637202182204917484_mask_210.jpg
ID00035637202182204917484_211.jpg,ID00035637202182204917484_mask_211.jpg
ID00035637202182204917484_212.jpg,ID00035637202182204917484_mask_212.jpg
ID00035637202182204917484_213.jpg,ID00035637202182204917484_mask_213.jpg
ID00035637202182204917484_214.jpg,ID00035637202182204917484_mask_214.jpg
ID00035637202182204917484_215.jpg,ID00035637202182204917484_mask_215.jpg
ID00035637202182204917484_216.jpg,ID00035637202182204917484_mask_216.jpg
ID00035637202182204917484_217.jpg,ID00035637202182204917484_mask_217.jpg
ID00035637202182204917484_218.jpg,ID00035637202182204917484_mask_218.jpg
ID00035637202182204917484_219.jpg,ID00035637202182204917484_mask_219.jpg
ID00035637202182204917484_220.jpg,ID00035637202182204917484_mask_220.jpg
ID00035637202182204917484_221.jpg,ID00035637202182204917484_mask_221.jpg
ID00035637202182204917484_222.jpg,ID00035637202182204917484_mask_222.jpg
ID00035637202182204917484_223.jpg,ID00035637202182204917484_mask_223.jpg
ID00035637202182204917484_224.jpg,ID00035637202182204917484_mask_224.jpg
ID00035637202182204917484_225.jpg,ID00035637202182204917484_mask_225.jpg
ID00035637202182204917484_226.jpg,ID00035637202182204917484_mask_226.jpg
ID00035637202182204917484_227.jpg,ID00035637202182204917484_mask_227.jpg
ID00035637202182204917484_228.jpg,ID00035637202182204917484_mask_228.jpg
ID00035637202182204917484_229.jpg,ID00035637202182204917484_mask_229.jpg
ID00035637202182204917484_230.jpg,ID00035637202182204917484_mask_230.jpg
ID00035637202182204917484_231.jpg,ID00035637202182204917484_mask_231.jpg
ID00035637202182204917484_232.jpg,ID00035637202182204917484_mask_232.jpg
ID00035637202182204917484_233.jpg,ID00035637202182204917484_mask_233.jpg
ID00035637202182204917484_234.jpg,ID00035637202182204917484_mask_234.jpg
ID00035637202182204917484_235.jpg,ID00035637202182204917484_mask_235.jpg
ID00035637202182204917484_236.jpg,ID00035637202182204917484_mask_236.jpg
ID00035637202182204917484_237.jpg,ID00035637202182204917484_mask_237.jpg
ID00035637202182204917484_238.jpg,ID00035637202182204917484_mask_238.jpg
ID00035637202182204917484_239.jpg,ID00035637202182204917484_mask_239.jpg
ID00035637202182204917484_240.jpg,ID00035637202182204917484_mask_240.jpg
ID00035637202182204917484_241.jpg,ID00035637202182204917484_mask_241.jpg
ID00035637202182204917484_242.jpg,ID00035637202182204917484_mask_242.jpg
ID00035637202182204917484_243.jpg,ID00035637202182204917484_mask_243.jpg
ID00035637202182204917484_244.jpg,ID00035637202182204917484_mask_244.jpg
ID00035637202182204917484_245.jpg,ID00035637202182204917484_mask_245.jpg
ID00035637202182204917484_246.jpg,ID00035637202182204917484_mask_246.jpg
ID00035637202182204917484_247.jpg,ID00035637202182204917484_mask_247.jpg
ID00035637202182204917484_248.jpg,ID00035637202182204917484_mask_248.jpg
ID00035637202182204917484_249.jpg,ID00035637202182204917484_mask_249.jpg
ID00035637202182204917484_250.jpg,ID00035637202182204917484_mask_250.jpg
ID00035637202182204917484_251.jpg,ID00035637202182204917484_mask_251.jpg
ID00035637202182204917484_252.jpg,ID00035637202182204917484_mask_252.jpg
ID00035637202182204917484_253.jpg,ID00035637202182204917484_mask_253.jpg
ID00035637202182204917484_254.jpg,ID00035637202182204917484_mask_254.jpg
ID00035637202182204917484_255.jpg,ID00035637202182204917484_mask_255.jpg
ID00035637202182204917484_256.jpg,ID00035637202182204917484_mask_256.jpg
ID00035637202182204917484_257.jpg,ID00035637202182204917484_mask_257.jpg
ID00035637202182204917484_258.jpg,ID00035637202182204917484_mask_258.jpg
ID00035637202182204917484_259.jpg,ID00035637202182204917484_mask_259.jpg
ID00035637202182204917484_260.jpg,ID00035637202182204917484_mask_260.jpg
ID00035637202182204917484_261.jpg,ID00035637202182204917484_mask_261.jpg
ID00035637202182204917484_262.jpg,ID00035637202182204917484_mask_262.jpg
ID00035637202182204917484_263.jpg,ID00035637202182204917484_mask_263.jpg
ID00035637202182204917484_264.jpg,ID00035637202182204917484_mask_264.jpg
ID00035637202182204917484_265.jpg,ID00035637202182204917484_mask_265.jpg
ID00035637202182204917484_266.jpg,ID00035637202182204917484_mask_266.jpg
ID00035637202182204917484_267.jpg,ID00035637202182204917484_mask_267.jpg
ID00035637202182204917484_268.jpg,ID00035637202182204917484_mask_268.jpg
ID00035637202182204917484_269.jpg,ID00035637202182204917484_mask_269.jpg
ID00035637202182204917484_270.jpg,ID00035637202182204917484_mask_270.jpg
ID00035637202182204917484_271.jpg,ID00035637202182204917484_mask_271.jpg
ID00035637202182204917484_272.jpg,ID00035637202182204917484_mask_272.jpg
ID00035637202182204917484_273.jpg,ID00035637202182204917484_mask_273.jpg
ID00035637202182204917484_274.jpg,ID00035637202182204917484_mask_274.jpg
ID00035637202182204917484_275.jpg,ID00035637202182204917484_mask_275.jpg
ID00035637202182204917484_276.jpg,ID00035637202182204917484_mask_276.jpg
ID00035637202182204917484_277.jpg,ID00035637202182204917484_mask_277.jpg
ID00035637202182204917484_278.jpg,ID00035637202182204917484_mask_278.jpg
ID00035637202182204917484_279.jpg,ID00035637202182204917484_mask_279.jpg
ID00035637202182204917484_280.jpg,ID00035637202182204917484_mask_280.jpg
ID00035637202182204917484_281.jpg,ID00035637202182204917484_mask_281.jpg
ID00035637202182204917484_282.jpg,ID00035637202182204917484_mask_282.jpg
ID00035637202182204917484_283.jpg,ID00035637202182204917484_mask_283.jpg
ID00035637202182204917484_284.jpg,ID00035637202182204917484_mask_284.jpg
ID00035637202182204917484_285.jpg,ID00035637202182204917484_mask_285.jpg
ID00035637202182204917484_286.jpg,ID00035637202182204917484_mask_286.jpg
ID00035637202182204917484_287.jpg,ID00035637202182204917484_mask_287.jpg
ID00035637202182204917484_288.jpg,ID00035637202182204917484_mask_288.jpg
ID00035637202182204917484_289.jpg,ID00035637202182204917484_mask_289.jpg
ID00035637202182204917484_290.jpg,ID00035637202182204917484_mask_290.jpg
ID00035637202182204917484_291.jpg,ID00035637202182204917484_mask_291.jpg
ID00035637202182204917484_292.jpg,ID00035637202182204917484_mask_292.jpg
ID00035637202182204917484_293.jpg,ID00035637202182204917484_mask_293.jpg
ID00035637202182204917484_294.jpg,ID00035637202182204917484_mask_294.jpg
ID00035637202182204917484_295.jpg,ID00035637202182204917484_mask_295.jpg
ID00035637202182204917484_296.jpg,ID00035637202182204917484_mask_296.jpg
ID00035637202182204917484_297.jpg,ID00035637202182204917484_mask_297.jpg
ID00035637202182204917484_298.jpg,ID00035637202182204917484_mask_298.jpg
ID00035637202182204917484_299.jpg,ID00035637202182204917484_mask_299.jpg
ID00035637202182204917484_300.jpg,ID00035637202182204917484_mask_300.jpg
ID00035637202182204917484_301.jpg,ID00035637202182204917484_mask_301.jpg
ID00035637202182204917484_302.jpg,ID00035637202182204917484_mask_302.jpg
ID00035637202182204917484_303.jpg,ID00035637202182204917484_mask_303.jpg
ID00035637202182204917484_304.jpg,ID00035637202182204917484_mask_304.jpg
ID00035637202182204917484_305.jpg,ID00035637202182204917484_mask_305.jpg
ID00035637202182204917484_306.jpg,ID00035637202182204917484_mask_306.jpg
ID00035637202182204917484_307.jpg,ID00035637202182204917484_mask_307.jpg
ID00035637202182204917484_308.jpg,ID00035637202182204917484_mask_308.jpg
ID00035637202182204917484_309.jpg,ID00035637202182204917484_mask_309.jpg
ID00035637202182204917484_310.jpg,ID00035637202182204917484_mask_310.jpg
ID00035637202182204917484_311.jpg,ID00035637202182204917484_mask_311.jpg
ID00035637202182204917484_312.jpg,ID00035637202182204917484_mask_312.jpg
ID00035637202182204917484_313.jpg,ID00035637202182204917484_mask_313.jpg
ID00035637202182204917484_314.jpg,ID00035637202182204917484_mask_314.jpg
ID00035637202182204917484_315.jpg,ID00035637202182204917484_mask_315.jpg
ID00035637202182204917484_316.jpg,ID00035637202182204917484_mask_316.jpg
ID00035637202182204917484_317.jpg,ID00035637202182204917484_mask_317.jpg
ID00035637202182204917484_318.jpg,ID00035637202182204917484_mask_318.jpg
ID00035637202182204917484_319.jpg,ID00035637202182204917484_mask_319.jpg
ID00035637202182204917484_320.jpg,ID00035637202182204917484_mask_320.jpg
ID00035637202182204917484_321.jpg,ID00035637202182204917484_mask_321.jpg
ID00035637202182204917484_322.jpg,ID00035637202182204917484_mask_322.jpg
ID00035637202182204917484_323.jpg,ID00035637202182204917484_mask_323.jpg
ID00035637202182204917484_324.jpg,ID00035637202182204917484_mask_324.jpg
ID00035637202182204917484_325.jpg,ID00035637202182204917484_mask_325.jpg
ID00035637202182204917484_326.jpg,ID00035637202182204917484_mask_326.jpg
ID00035637202182204917484_327.jpg,ID00035637202182204917484_mask_327.jpg
ID00035637202182204917484_328.jpg,ID00035637202182204917484_mask_328.jpg
ID00035637202182204917484_329.jpg,ID00035637202182204917484_mask_329.jpg
ID00035637202182204917484_330.jpg,ID00035637202182204917484_mask_330.jpg
ID00035637202182204917484_331.jpg,ID00035637202182204917484_mask_331.jpg
ID00035637202182204917484_332.jpg,ID00035637202182204917484_mask_332.jpg
ID00035637202182204917484_333.jpg,ID00035637202182204917484_mask_333.jpg
ID00035637202182204917484_334.jpg,ID00035637202182204917484_mask_334.jpg
ID00035637202182204917484_335.jpg,ID00035637202182204917484_mask_335.jpg
ID00035637202182204917484_336.jpg,ID00035637202182204917484_mask_336.jpg
ID00035637202182204917484_337.jpg,ID00035637202182204917484_mask_337.jpg
ID00035637202182204917484_338.jpg,ID00035637202182204917484_mask_338.jpg
ID00035637202182204917484_339.jpg,ID00035637202182204917484_mask_339.jpg
ID00035637202182204917484_340.jpg,ID00035637202182204917484_mask_340.jpg
ID00035637202182204917484_341.jpg,ID00035637202182204917484_mask_341.jpg
ID00035637202182204917484_342.jpg,ID00035637202182204917484_mask_342.jpg
ID00035637202182204917484_343.jpg,ID00035637202182204917484_mask_343.jpg
ID00035637202182204917484_344.jpg,ID00035637202182204917484_mask_344.jpg
ID00035637202182204917484_345.jpg,ID00035637202182204917484_mask_345.jpg
ID00035637202182204917484_346.jpg,ID00035637202182204917484_mask_346.jpg
ID00035637202182204917484_347.jpg,ID00035637202182204917484_mask_347.jpg
ID00035637202182204917484_348.jpg,ID00035637202182204917484_mask_348.jpg
ID00035637202182204917484_349.jpg,ID00035637202182204917484_mask_349.jpg
ID00035637202182204917484_350.jpg,ID00035637202182204917484_mask_350.jpg
ID00035637202182204917484_351.jpg,ID00035637202182204917484_mask_351.jpg
ID00035637202182204917484_352.jpg,ID00035637202182204917484_mask_352.jpg
ID00035637202182204917484_353.jpg,ID00035637202182204917484_mask_353.jpg
ID00035637202182204917484_354.jpg,ID00035637202182204917484_mask_354.jpg
ID00035637202182204917484_355.jpg,ID00035637202182204917484_mask_355.jpg
ID00035637202182204917484_356.jpg,ID00035637202182204917484_mask_356.jpg
ID00035637202182204917484_357.jpg,ID00035637202182204917484_mask_357.jpg
ID00035637202182204917484_358.jpg,ID00035637202182204917484_mask_358.jpg
ID00035637202182204917484_359.jpg,ID00035637202182204917484_mask_359.jpg
ID00035637202182204917484_360.jpg,ID00035637202182204917484_mask_360.jpg
ID00035637202182204917484_361.jpg,ID00035637202182204917484_mask_361.jpg
ID00035637202182204917484_362.jpg,ID00035637202182204917484_mask_362.jpg
ID00035637202182204917484_363.jpg,ID00035637202182204917484_mask_363.jpg
ID00035637202182204917484_364.jpg,ID00035637202182204917484_mask_364.jpg
ID00035637202182204917484_365.jpg,ID00035637202182204917484_mask_365.jpg
ID00035637202182204917484_366.jpg,ID00035637202182204917484_mask_366.jpg
ID00035637202182204917484_367.jpg,ID00035637202182204917484_mask_367.jpg
ID00035637202182204917484_368.jpg,ID00035637202182204917484_mask_368.jpg
ID00035637202182204917484_369.jpg,ID00035637202182204917484_mask_369.jpg
ID00035637202182204917484_370.jpg,ID00035637202182204917484_mask_370.jpg
ID00035637202182204917484_371.jpg,ID00035637202182204917484_mask_371.jpg
ID00035637202182204917484_372.jpg,ID00035637202182204917484_mask_372.jpg
ID00035637202182204917484_373.jpg,ID00035637202182204917484_mask_373.jpg
ID00035637202182204917484_374.jpg,ID00035637202182204917484_mask_374.jpg
ID00035637202182204917484_375.jpg,ID00035637202182204917484_mask_375.jpg
ID00035637202182204917484_376.jpg,ID00035637202182204917484_mask_376.jpg
ID00035637202182204917484_377.jpg,ID00035637202182204917484_mask_377.jpg
ID00035637202182204917484_378.jpg,ID00035637202182204917484_mask_378.jpg
ID00035637202182204917484_379.jpg,ID00035637202182204917484_mask_379.jpg
ID00035637202182204917484_380.jpg,ID00035637202182204917484_mask_380.jpg
ID00035637202182204917484_381.jpg,ID00035637202182204917484_mask_381.jpg
ID00035637202182204917484_382.jpg,ID00035637202182204917484_mask_382.jpg
ID00035637202182204917484_383.jpg,ID00035637202182204917484_mask_383.jpg
ID00035637202182204917484_384.jpg,ID00035637202182204917484_mask_384.jpg
ID00035637202182204917484_385.jpg,ID00035637202182204917484_mask_385.jpg
ID00035637202182204917484_386.jpg,ID00035637202182204917484_mask_386.jpg
ID00035637202182204917484_387.jpg,ID00035637202182204917484_mask_387.jpg
ID00035637202182204917484_388.jpg,ID00035637202182204917484_mask_388.jpg
ID00035637202182204917484_389.jpg,ID00035637202182204917484_mask_389.jpg
ID00035637202182204917484_390.jpg,ID00035637202182204917484_mask_390.jpg
ID00035637202182204917484_391.jpg,ID00035637202182204917484_mask_391.jpg
ID00035637202182204917484_392.jpg,ID00035637202182204917484_mask_392.jpg
ID00035637202182204917484_393.jpg,ID00035637202182204917484_mask_393.jpg
ID00035637202182204917484_394.jpg,ID00035637202182204917484_mask_394.jpg
ID00035637202182204917484_395.jpg,ID00035637202182204917484_mask_395.jpg
ID00035637202182204917484_396.jpg,ID00035637202182204917484_mask_396.jpg
ID00035637202182204917484_397.jpg,ID00035637202182204917484_mask_397.jpg
ID00035637202182204917484_398.jpg,ID00035637202182204917484_mask_398.jpg
ID00035637202182204917484_399.jpg,ID00035637202182204917484_mask_399.jpg
ID00035637202182204917484_400.jpg,ID00035637202182204917484_mask_400.jpg
ID00035637202182204917484_401.jpg,ID00035637202182204917484_mask_401.jpg
ID00035637202182204917484_402.jpg,ID00035637202182204917484_mask_402.jpg
ID00035637202182204917484_403.jpg,ID00035637202182204917484_mask_403.jpg
ID00035637202182204917484_404.jpg,ID00035637202182204917484_mask_404.jpg
ID00035637202182204917484_405.jpg,ID00035637202182204917484_mask_405.jpg
ID00035637202182204917484_406.jpg,ID00035637202182204917484_mask_406.jpg
ID00035637202182204917484_407.jpg,ID00035637202182204917484_mask_407.jpg
ID00035637202182204917484_408.jpg,ID00035637202182204917484_mask_408.jpg
ID00035637202182204917484_409.jpg,ID00035637202182204917484_mask_409.jpg
ID00035637202182204917484_410.jpg,ID00035637202182204917484_mask_410.jpg
ID00035637202182204917484_411.jpg,ID00035637202182204917484_mask_411.jpg
ID00035637202182204917484_412.jpg,ID00035637202182204917484_mask_412.jpg
ID00035637202182204917484_413.jpg,ID00035637202182204917484_mask_413.jpg
ID00035637202182204917484_414.jpg,ID00035637202182204917484_mask_414.jpg
ID00035637202182204917484_415.jpg,ID00035637202182204917484_mask_415.jpg
ID00035637202182204917484_416.jpg,ID00035637202182204917484_mask_416.jpg
ID00035637202182204917484_417.jpg,ID00035637202182204917484_mask_417.jpg
ID00035637202182204917484_418.jpg,ID00035637202182204917484_mask_418.jpg
ID00035637202182204917484_419.jpg,ID00035637202182204917484_mask_419.jpg
ID00035637202182204917484_420.jpg,ID00035637202182204917484_mask_420.jpg
ID00035637202182204917484_421.jpg,ID00035637202182204917484_mask_421.jpg
ID00035637202182204917484_422.jpg,ID00035637202182204917484_mask_422.jpg
ID00035637202182204917484_423.jpg,ID00035637202182204917484_mask_423.jpg
ID00035637202182204917484_424.jpg,ID00035637202182204917484_mask_424.jpg
ID00035637202182204917484_425.jpg,ID00035637202182204917484_mask_425.jpg
ID00035637202182204917484_426.jpg,ID00035637202182204917484_mask_426.jpg
ID00035637202182204917484_427.jpg,ID00035637202182204917484_mask_427.jpg
ID00035637202182204917484_428.jpg,ID00035637202182204917484_mask_428.jpg
ID00035637202182204917484_429.jpg,ID00035637202182204917484_mask_429.jpg
ID00035637202182204917484_430.jpg,ID00035637202182204917484_mask_430.jpg
ID00035637202182204917484_431.jpg,ID00035637202182204917484_mask_431.jpg
ID00035637202182204917484_432.jpg,ID00035637202182204917484_mask_432.jpg
ID00035637202182204917484_433.jpg,ID00035637202182204917484_mask_433.jpg
ID00035637202182204917484_434.jpg,ID00035637202182204917484_mask_434.jpg
ID00035637202182204917484_435.jpg,ID00035637202182204917484_mask_435.jpg
ID00035637202182204917484_436.jpg,ID00035637202182204917484_mask_436.jpg
ID00035637202182204917484_437.jpg,ID00035637202182204917484_mask_437.jpg
ID00035637202182204917484_438.jpg,ID00035637202182204917484_mask_438.jpg
ID00035637202182204917484_439.jpg,ID00035637202182204917484_mask_439.jpg
ID00035637202182204917484_440.jpg,ID00035637202182204917484_mask_440.jpg
ID00035637202182204917484_441.jpg,ID00035637202182204917484_mask_441.jpg
ID00035637202182204917484_442.jpg,ID00035637202182204917484_mask_442.jpg
ID00035637202182204917484_443.jpg,ID00035637202182204917484_mask_443.jpg
ID00035637202182204917484_444.jpg,ID00035637202182204917484_mask_444.jpg
ID00035637202182204917484_445.jpg,ID00035637202182204917484_mask_445.jpg
ID00035637202182204917484_446.jpg,ID00035637202182204917484_mask_446.jpg
ID00035637202182204917484_447.jpg,ID00035637202182204917484_mask_447.jpg
ID00035637202182204917484_448.jpg,ID00035637202182204917484_mask_448.jpg
ID00035637202182204917484_449.jpg,ID00035637202182204917484_mask_449.jpg
ID00035637202182204917484_450.jpg,ID00035637202182204917484_mask_450.jpg
ID00035637202182204917484_451.jpg,ID00035637202182204917484_mask_451.jpg
ID00035637202182204917484_452.jpg,ID00035637202182204917484_mask_452.jpg
ID00035637202182204917484_453.jpg,ID00035637202182204917484_mask_453.jpg
ID00035637202182204917484_454.jpg,ID00035637202182204917484_mask_454.jpg
ID00035637202182204917484_455.jpg,ID00035637202182204917484_mask_455.jpg
ID00035637202182204917484_456.jpg,ID00035637202182204917484_mask_456.jpg
ID00035637202182204917484_457.jpg,ID00035637202182204917484_mask_457.jpg
ID00035637202182204917484_458.jpg,ID00035637202182204917484_mask_458.jpg
ID00035637202182204917484_459.jpg,ID00035637202182204917484_mask_459.jpg
ID00035637202182204917484_460.jpg,ID00035637202182204917484_mask_460.jpg
ID00035637202182204917484_461.jpg,ID00035637202182204917484_mask_461.jpg
ID00035637202182204917484_462.jpg,ID00035637202182204917484_mask_462.jpg
ID00035637202182204917484_463.jpg,ID00035637202182204917484_mask_463.jpg
ID00035637202182204917484_464.jpg,ID00035637202182204917484_mask_464.jpg
ID00035637202182204917484_465.jpg,ID00035637202182204917484_mask_465.jpg
ID00035637202182204917484_466.jpg,ID00035637202182204917484_mask_466.jpg
ID00035637202182204917484_467.jpg,ID00035637202182204917484_mask_467.jpg
ID00035637202182204917484_468.jpg,ID00035637202182204917484_mask_468.jpg
ID00035637202182204917484_469.jpg,ID00035637202182204917484_mask_469.jpg
ID00035637202182204917484_470.jpg,ID00035637202182204917484_mask_470.jpg
ID00035637202182204917484_471.jpg,ID00035637202182204917484_mask_471.jpg
ID00035637202182204917484_472.jpg,ID00035637202182204917484_mask_472.jpg
ID00035637202182204917484_473.jpg,ID00035637202182204917484_mask_473.jpg
ID00035637202182204917484_474.jpg,ID00035637202182204917484_mask_474.jpg
ID00035637202182204917484_475.jpg,ID00035637202182204917484_mask_475.jpg
ID00035637202182204917484_476.jpg,ID00035637202182204917484_mask_476.jpg
ID00035637202182204917484_477.jpg,ID00035637202182204917484_mask_477.jpg